<?xml version="1.0" encoding="utf-8"?>
<Document xmlns:xsi="http://www.w3.org/2001/XMLSchema-instance" xmlns:xsd="http://www.w3.org/2001/XMLSchema">
    <Name>The Sunday Theotokia (7-9)</Name>
    <Uuid>urn:suscopts:sunday-theotokia-79</Uuid>
    <Translations>
        <Translation Language="English" Title="The Sunday Theotokia (7-9)">
            <Section Title="The Seventh Part">
                <Stanza>\def{HailMary} / the beautiful dove, / who gave birth / to God the Word for us.</Stanza>
                <Stanza>You are the flower / of incense / that has blossomed / from the root of Jesse.</Stanza>
                <Stanza>The rod of Aaron / which blossomed / without planting or watering / is a symbol of you.</Stanza>
                <Stanza>You who gave birth to Christ / our true God / without the seed of man / and remained a virgin.</Stanza>
                <Stanza>Wherefore everyone / magnifies you, / O my Lady the Mother of God, / the ever-holy.</Stanza>
                <Stanza>And we also pray / that we may win mercy / through your intercessions / with the Lover of Mankind.</Stanza>
                <Stanza>You are called truly, / O Saint Mary, / the Second Tabernacle, / belonging to the holies.</Stanza>
                <Stanza>Wherein is placed / the rod of Aaron / and the holy flower / of incense.</Stanza>
                <Stanza>You are clothed with purity / within and without, / O pure tabernacle, / the dwelling of the righteous.</Stanza>
                <Stanza>The hosts of the high standings / and the chorus of the just / glorify You / and Your blessedness.</Stanza>
                <Stanza>Wherefore we / magnify you befittingly / with prophetic / hymnology.</Stanza>
                <Stanza>For they spoke of you / with great honor, / O holy city / of the great King.</Stanza>
                <Stanza>We entreat and pray / that we may win mercy / through your intercessions / with the Lover of Mankind.</Stanza>
            </Section>
            <Section Title="The Eighth Part">
                <Stanza>Seven times everyday, / I will praise Your name / with all my heart, / O God of everyone.</Stanza>
                <Stanza>I remembered Your name / and I was comforted, / O King of the ages / and God of all gods.</Stanza>
                <Stanza>Jesus Christ our true God /who has come / for our salvation / was incarnate.</Stanza>
                <Stanza>He was incarnate / of the Holy Spirit / and of Mary / the pure bride.</Stanza>
                <Stanza>And changed our sorrow / and all our troubles / to joy for our hearts / and total rejoicing.</Stanza>
                <Stanza>Let us worship Him / and sing to / His mother Mary / the beautiful dove.</Stanza>
                <Stanza>And let us all proclaim / with the voice of joy / saying, "\def{HailMary}, / the Mother of Immanuel."</Stanza>
                <Stanza>\def{HailMary}, the salvation of our father Adam. / \def{HailMary}, the Mother of the refuge. / \def{HailMary}, the rejoicing of Eve. / \def{HailMary}, the joy of all generations.</Stanza>
                <Stanza>\def{HailMary}, the joy of Abel the just. / \def{HailMary}, the true Virgin. / \def{HailMary}, the salvation of Noah. / \def{HailMary}, the chaste and undefiled.</Stanza>
                <Stanza>\def{HailMary}, the grace of Abraham. / \def{HailMary}, the unfading crown. / \def{HailMary}, the redemption of Saint Isaac. / \def{HailMary}, the Mother of the Holy.</Stanza>
                <Stanza>\def{HailMary}, the rejoicing of Jacob. / \def{HailMary}, myriads of myriads. / \def{HailMary}, the pride of Judah. / \def{HailMary}, the Mother of the Master.</Stanza>
                <Stanza>\def{HailMary}, the peaching of Moses. / \def{HailMary}, the Mother of the Master. / \def{HailMary}, the honor of Samuel. / \def{HailMary}, the pride of Israel.</Stanza>
                <Stanza>\def{HailMary}, the steadfastness of Job of just. / \def{HailMary}, the precious stone. / \def{HailMary}, the Mother of the beloved. / \def{HailMary}, the daughter of King David.</Stanza>
                <Stanza>\def{HailMary}, the friend of Solomon. / \def{HailMary}, the exaltation of the righteous. / \def{HailMary}, the redemption of Isaiah. / \def{HailMary}, the healing of Jeremiah.</Stanza>
                <Stanza>\def{HailMary}, the knowledge of Ezekiel. / \def{HailMary}, the grace of Daniel. / \def{HailMary}, the power of Elijah. / \def{HailMary}, the grace of Elisha.</Stanza>
                <Stanza>\def{HailMary}, the Mother of God. / \def{HailMary}, the mother of Jesus Christ. / \def{HailMary}, the beautiful dove. / \def{HailMary}, the mother of the Son of God.</Stanza>
                <Stanza>\def{HailMary}, / who was witnessed by / all the prophets / and they said,</Stanza>
                <Stanza>Behold God the Word / was incarnate of you / in an indescribable / unity.</Stanza>
                <Stanza>You are truly exalted / more than the rod / of Aaron / O full of grace.</Stanza>
                <Stanza>What is the rod / but Mary / for it is the symbol / of her virginity.</Stanza>
                <Stanza>She conceived and gave birth / with copulation / to the Son of the Highest, / the Eternal Logos.</Stanza>
                <Stanza>Through her prayers / and intercessions, / O Lord open unto us / the gates of the church.</Stanza>
                <Stanza>I entreat you / O Mother of God, / keep the gates of the Church / open to the faithful.</Stanza>
                <Stanza>Let us ask her / to intercede for us / before her beloved / that He may forgive us.</Stanza>
            </Section>
            <Section Title="The Ninth Part">
                <Stanza>You are called, / O Virgin Mary, / the holy flower / of incense.</Stanza>
                <Stanza>Which came out / and blossomed / from the roots of the patriarchs / and the prophets.</Stanza>
                <Stanza>Like the rod / of Aaron the priest / which blossomed / and brought forth fruit.</Stanza>
                <Stanza>For you gave birth to the Word / without the seed of man / and your virginity / was not corrupted.</Stanza>
                <Stanza>Wherefore we glorify you / as the Mother of God, / ask your Son / to forgive us.</Stanza>
            </Section>
        </Translation>
        <Translation Language="Coptic" Title="Ϯⲑⲉⲟ&#x0300;ⲧⲟⲕⲓⲁ ⲙ&#x0300;Ⲡ&#x0300;ⲉϩⲟⲟⲩ ⲛ&#x0300;Ϯⲕⲩⲣⲓⲁⲕⲏ (ⲍ&#x0305;-ⲑ&#x0305;)" Font="CopticStandard">
            <Section Title="Ϯⲙⲁϩϣⲁϣϥⲓ">
                <Stanza>\def{HailMary}@ ][rompi e;necwc@ ;y`etacmici nan@ `m`Vnou] Pilogoc.</Stanza>
                <Stanza>`N;o te ]`hryri@ `nte pi`c;oinoufi@ ;y`etacviri `ebol@ qen `;nouni `nIecce.</Stanza>
                <Stanza>Pi`sbwt `nte `A`arwn@ `etafviri `ebol@ ,wric [o nem `tco@ `foi `ntupoc ne.</Stanza>
                <Stanza>`W ;y`etacmec Pi`,rictoc@ Pennou] qen oume;mi@ a[ne `cperma `nrwmi@ ecoi `mpar;enoc.</Stanza>
                <Stanza>E;be vai ouon niben@ ce[ici `mmo@ ta[oic \};e`otokoc@ e;ouab `ncyou niben.</Stanza>
                <Stanza>`Anon hwn tentwbh@ e;rensasni eunai@ hiten ne`precbia@ `ntotf `mPimairwmi.</Stanza>
                <Stanza>Cemou] `ero dikeoc@ `w ;ye;ouab Maria@ je ]mah`cnou] `n`ckyny@ `nte nye;ouab.</Stanza>
                <Stanza>:y`etou,y `nqytc@ `nje pi`sbwt `nte `A`arwn@ nem ]`hryri e;ouab@ `nte pi`c;oinoufi.</Stanza>
                <Stanza>Tejolh `mpitoubo@ caqoun nem cabol@ `w ]`ckyny `nka;aroc@ `vma `nswpi `nnidikeoc.</Stanza>
                <Stanza>Nitagma `nte `p[ici@ nem `p,oroc `nte ni`;myi@ ceereudoxazin@ `nnemakaricmoc.</Stanza>
                <Stanza>E;be vai ten[ici@ `mmo axiwc@ qen hanumnologia@ `m`provytikon.</Stanza>
                <Stanza>Je aucaji e;by]@ `nhan`hbyou`i eutaiyout@ ]baki e;ouab@ `nte pinis] `nOuro.</Stanza>
                <Stanza>Ten]ho tentwbh@ e;rensasni eunai@ hiten ne`precbia@ `ntotf `mPimairwmi.</Stanza>
            </Section>
            <Section Title="Ϯⲙⲁϩϣ&#x0300;ⲙⲏⲛⲓ">
                <Stanza>Sasf `ncop `mmyni@ `ebol qen pahyt tyrf@ ]na`cmou `epekran@ `P[oic `mpi`e`ptyrf.</Stanza>
                <Stanza>Aier`vmeu`i `mpekran@ ouoh aijemnom]@ `Pouro `nni`ewn@ `Vnou] `nte ninou].</Stanza>
                <Stanza>Iycouc Pi`,rictoc Pennou]@ Pi`aly;inoc@ vy`etaf`i e;be pencw]@ afercwmatikoc.</Stanza>
                <Stanza>Af[icarx `ebol@ qen Pi`pneuma e;ouab@ nem `ebol qen Maria@ ]selet e;ouab.</Stanza>
                <Stanza>Afvwnh `mpenhybi@ nem penhojhej tyrf@ `eourasi `nhyt@ nem ou;elyl `e`ptyrf.</Stanza>
                <Stanza>Marenoust `mmof@ ouoh `ntenerhumnoc@ `nTefmau Maria@ ][rompi e;necwc.</Stanza>
                <Stanza>Ouoh `ntenws `ebol@ qen ou`cmy `n;elyl@ je ,ere ne Maria@ `:mau `nEmmanouyl.</Stanza>
                <Stanza>\def{HailMary}@ `pcw] `n`Adam peniwt@ \def{HailMary}@ `:mau `mPima`mvwt@ \def{HailMary}@ `p;elyl `n`Eua@ \def{HailMary}@ `pounof `nnigene`a.</Stanza>
                <Stanza>\def{HailMary}@ `vrasi `n`Abel pi`;myi@ \def{HailMary}@ \}par;enoc `nta`vmyi@ \def{HailMary}@ `vnohem `nNw`e@ \def{HailMary}@ ]at;wleb `ncemne.</Stanza>
                <Stanza>\def{HailMary}@ `p`hmot `nAbraam@ \def{HailMary}@ pi`,lom `na;lwm@ \def{HailMary}@ `pcw] `n`Icaak pe;ouab@ \def{HailMary}@ `:mau `mVye;ouab.</Stanza>
                <Stanza>\def{HailMary}@ `p;elyl `nIakwb@ \def{HailMary}@ han`;ba `nkwb@ \def{HailMary}@ `psousou `nIouda@ \def{HailMary}@ `:mau `mPidecpota.</Stanza>
                <Stanza>\def{HailMary}@ `phiwis `mMw`ucyc@ \def{HailMary}@ `:mau `mPidecpotyc@ \def{HailMary}@ `ptaio `nCamouyl@ \def{HailMary}@ `psousou `mPicrayl.</Stanza>
                <Stanza>\def{HailMary}@ `ptajro `nIwb pi`;myi@ \def{HailMary}@ pi`wni `n`anamyi@ \def{HailMary}@ `:mau `mPimenrit@ \def{HailMary}@ `tseri `m`pouro Dauid.</Stanza>
                <Stanza>\def{HailMary}@ ]`sveri `nColomwn@ \def{HailMary}@ `p[ici `nnidikeon@ \def{HailMary}@ `poujai `n`Yca`yac@ \def{HailMary}@ `ptal[o `nIeremiac.</Stanza>
                <Stanza>\def{HailMary}@ `p`emi `nIezekiyl@ \def{HailMary}@ ,aric tou Daniyl@ \def{HailMary}@ `tjom `nYliac@ \def{HailMary}@ pi`hmot `n`Eliceoc.</Stanza>
                <Stanza>\def{HailMary}@ \};e`otokoc@ \def{HailMary}@ `:mau `nIycouc Pi`,rictoc@ \def{HailMary}@ ][rompi e;necwc@ \def{HailMary}@ `:mau `nUioc :eoc.</Stanza>
                <Stanza>\def{HailMary}@ `etauerme;re nac@ `nje ni`provytyc tyrou@ ouoh avjw `mmoc.</Stanza>
                <Stanza>Hyppe `Vnou] Pilogoc@ `etaf[icarx `nqy]@ qen oumetouai@ `natcaji `mpecry].</Stanza>
                <Stanza>Te[oci `aly;wc@ `ehote pi`sbwt@ `nte `A`arwn@ `w ;ye;meh `n`hmot.</Stanza>
                <Stanza>Aspe pi`sbwt@ `ebyl `eMaria@ je `n;of pe `ptupoc@ `ntecpar;enia.</Stanza>
                <Stanza>Acerboki acmici@ ,wric cunocia@ `m`Psyri `mVyet[oci@ Pilogoc `nAidia.</Stanza>
                <Stanza>Hiten neceu,y@ nem nec`precbia@ `aouwn nan `P[oic@ `m`vro `nte \}ekklycia.</Stanza>
                <Stanza>\}]ho `ero@ `w \};e`otokoc@ ,a `vro `nniekklycia@ efouyn `nnipictoc.</Stanza>
                <Stanza>Maren]ho `eroc@ e;rectwbh `ejwn@ nahren Pecmenrit@ e;ref,w nan `ebol.</Stanza>
            </Section>
            <Section Title="Ϯⲙⲁϩⲯⲓϯ">
                <Stanza>Aumou] `ero@ Maria \}par;enoc@ je ]`hryri e;ouab@ `nte pi`c;oinoufi.</Stanza>
                <Stanza>:y`etac]ou`w `e`pswi@ acviri `ebol@ qen `;nouni `nnipatriar,yc@ nem ni`provytyc.</Stanza>
                <Stanza>`M`vry] `mpi`sbwt@ `nte `A`arwn piouyb@ `etafviri `ebol@ afopt `nkarpoc.</Stanza>
                <Stanza>Je `are`jvo `mPilogoc@ a[ne `cperma `nrwmi@ ecoi `nattako@ `nje tepar;enia.</Stanza>
                <Stanza>E;be vai ten]`wou ne@ hwc :e`otokoc@ ma]ho `mPesyri@ e;ref,w nan `ebol.</Stanza>
            </Section>
        </Translation>
        <Translation Language="Arabic" Title="ثيؤطوكية الأحد">
            <Section Title="القطعة السابعة">
                <Stanza>السلام لكِ يا مريم، الحمامة الحسنة، التي ولدِت لنا، الله الكلمة.</Stanza>
                <Stanza>أنتِ زهرة، البخور التي، أينعت من، أصل يسَّى.</Stanza>
                <Stanza>عصا هرون، التي أزهرت، بغير غرس ولا سقي، هي مثال لكِ.</Stanza>
                <Stanza>يا مَنْ ولدِت المسيح، إلهنا بالحقيقة، وبغير زرع بشر، وأنتِ عذراء.</Stanza>
                <Stanza>من أجل هذا، كل واحد يعظمِك، يا سيدتي والدة الإله، القديسة كل حين.</Stanza>
                <Stanza>ونحن أيضاً نطلب، أن نفوز برحمةٍ، بشفاعاتِك، عند محب البشر.</Stanza>
                <Stanza>مدعوة أنت، بالحقيقة، أيتها القديسة مريم، القبة التي للأقداس.</Stanza>
                <Stanza>تلك الموضوع فيها، عصا هرون، والزهرة المقدسة، التي للبخور.</Stanza>
                <Stanza>أنت مشتملة بالطهارة، من داخل ومن خارج، أيتها القبة النقية، مسكن الصديقين.</Stanza>
                <Stanza>طغمات العلاء، وصفوف الأبرار، يمجدون، طوباويتك.</Stanza>
                <Stanza>من أجل هذا، نعظمِك، بإستحقاقٍ، بتماجيد نبوية.</Stanza>
                <Stanza>لأنهم تكلموا، من أجلِك بأعمال كريمة، أيتها المدينة المقدسة، التي للملك العظيم.</Stanza>
                <Stanza>نسأل ونطلب، أن نفوز برحمةٍ، بشفاعاتِك، عند محب البشر.</Stanza>
            </Section>
            <Section Title="The Eighth Part">
                <Stanza>سبع مرات كل يوم، من كل قلبي، أُبارك أسمك، يا رب الكل.</Stanza>
                <Stanza>ذكرت إسمك، فتعزيت، يا ملك الدهور، وإله الآلهة.</Stanza>
                <Stanza>يسوع المسيح إلهنا، الحقيقي الذي، أتى من أجل خلاصنا، متجسداً.</Stanza>
                <Stanza>وتجسد من، الروح القدس، ومن مريم، العروس الطاهرة.</Stanza>
                <Stanza>وقلب حُزننا، وكل ضيقنا، إلى فرح قلب، وتهليل كُلي.</Stanza>
                <Stanza>فلنسجد له، ونرتل لأمه، مريم، الحمامة الحسنة.</Stanza>
                <Stanza>ونصرخ، بصوت التهليل قائلين، السلام لك يا مريم، أُم عمانوئيل.</Stanza>
                <Stanza>السلام لك يا مريم، خلاص أبينا آدم، السلام... أُم الملجأ، السلام... تهليل حواء، السلام... فرح الأجيال.</Stanza>
                <Stanza>السلام لك يا مريم، فرح هابيل البار، السلام... العذراء الحقيقية، السلام... خلاص نوح، السلام... غير الدنسة الهادئة.</Stanza>
                <Stanza>السلام لك يا مريم، نعمة إبراهيم، السلام... الإكليل غير المُضمحل، السلام... خلاص إسحق القديس، السلام... أُم القدوس.</Stanza>
                <Stanza>السلام لك يا مريم، تهليل يعقوب، السلام... ربوات مضاعفة، السلام... فخر يهوذا، السلام... أُم السيد.</Stanza>
                <Stanza>السلام لك يا مريم، كرازة موسى، السلام... والدة السيد، السلام... كرامة صموئيل، السلام... فخر إسرائيل.</Stanza>
                <Stanza>السلام لك يا مريم، ثبات أيوب البار، السلام... الحجر الكريم، السلام... أُم الحبيب، السلام... إبنة الملك داود.</Stanza>
                <Stanza>السلام لك يا مريم، صديقة سليمان، السلام... رفعة الصديقين، السلام... خلاص أشعياء، السلام... شفاء أرميا.</Stanza>
                <Stanza>السلام لك يا مريم، عِلم حزقيال، السلام... نعمة دانيال، السلام... قوة إيليا، السلام... نعمة إليشع.</Stanza>
                <Stanza>السلام لك يا مريم، والدة الإله، السلام... أم يسوع المسيح، السلام... الحمامة الحسناء، السلام... أم إبن الله.</Stanza>
                <Stanza>السلام لمريم، التي شهد لها، جميع الأنبياء، وقالوا.</Stanza>
                <Stanza>هوذا الله الكلمة، الذي تجسد منكِ، بوحدانية، لا يُنطق بمِثلها.</Stanza>
                <Stanza>مرتفعة، أنت بالحقيقة، أكثر من عصا هرون، أيتها المُمتلئة نعمة.</Stanza>
                <Stanza> ما هيَّ العصا، إلا مريم، لأنها مِثال، بتوليتها.</Stanza>
                <Stanza>حبلت وولدت، بغير مباضعة، إبن العليِّ، الكلمة الذاتي.</Stanza>
                <Stanza>بصلواتها، وشفاعاتها، إفتح لنا يا رب، باب الكنيسة.</Stanza>
                <Stanza>أسالكِ، يا والدة الإله، إجعلي أبواب الكنائس، مفتوحة للمؤمنين.</Stanza>
                <Stanza> فلنسألها، أن تطلب عنا، عند حبيبها، ليغفر لنا.</Stanza>
            </Section>
            <Section Title="القطعة التاسعة">
                <Stanza>دعيتِ، يا مريم العذراء، الزهرة المقدسة، التي للبخور.</Stanza>
                <Stanza>التي طلعت، وأزهرت، من أصل رؤساء الآباء، والأنبياء.</Stanza>
                <Stanza>مِثل عصا، هرون الكاهن، أزهرت، وأوسقت ثمراً.</Stanza>
                <Stanza>لأنكِ ولدتِ الكلمة، بغير زرع بشر، وبتوليتِك، بغير فساد.</Stanza>
                <Stanza>فلهذا نمجدكِ، كوالدة الإله، إسألي إبنِك، ليغفر لنا.</Stanza>
            </Section>
        </Translation>
    </Translations>

    <Definitions>
        <Translations Key="HailMary">
            <Run Language="English">Hail to you Mary</Run>
            <Run Language="Coptic">Ⲭⲉⲣⲉ ⲛⲉ Ⲙⲁⲣⲓⲁ</Run>
            <Run Language="Arabic">السلام لمريم</Run>
        </Translations>
    </Definitions>
</Document>