<?xml version="1.0" encoding="utf-8"?>
<Document xmlns:xsi="http://www.w3.org/2001/XMLSchema-instance" xmlns:xsd="http://www.w3.org/2001/XMLSchema">
    <Name>Greek Watos Psali for the Three Saintly Children</Name>
    <Uuid>28c70071-ce5e-4add-aa5c-d093acfb2755</Uuid>
    <Translations>
        <Translation Language="English" Title="Greek Watos Psali for the Three Saintly Children">
            <Stanza>O sing unto Him who was crucified, / buried and resurrected for us, / and trampled and abolished death: / praise Him and exalt Him above all.</Stanza>
            <Stanza>Take off the old man / and put on the new and superior one, / come closer to the greatness of mercy: / praise Him and exalt Him above all.</Stanza>
            <Stanza>All you Christian people, / the priests and the deacons, / glorify the Lord for He is worthy: / praise Him and exalt Him above all.</Stanza>
            <Stanza>Come to us O three children, / whom Christ our God has lifted / and from the devil has delivered: / praise Him and exalt Him above all.</Stanza>
            <Stanza>For the sake of your God the Messiah, / the giver of all good things, / come unto us O Hananiah: / praise Him and exalt Him above all.</Stanza>
            <Stanza>O Azariah the zealot, / evening and morning and at noon / glorify the power of the Trinity: / praise Him and exalt Him above all.</Stanza>
            <Stanza>Behold Emmanuel / is now in our midst O Mishael, / proclaim with the voice of joy: / praise Him and exalt Him above all.</Stanza>
            <Stanza>Gather now and persevere / and proclaim with the priests, / bless the Lord all His works: / praise Him and exalt Him above all.</Stanza>
            <Stanza>The heavens declare the glory / of God until this day, / O you angels whom He has made, / praise Him and exalt Him above all.</Stanza>
            <Stanza>Now all you powers of the Lord, / bless His honored name, / O sun and moon and all the stars, / praise Him and exalt Him above all.</Stanza>
            <Stanza>And also you O rain and dew, / sing praises unto our Savior / for He is God of our fathers: / praise Him and exalt Him above all.</Stanza>
            <Stanza>Glorify the Lord O clouds and winds, / together with the souls and the spirits, / O you cold and fire and heat, / praise Him and exalt Him above all.</Stanza>
            <Stanza>Also nights and days, / light, darkness and lightning say / "Glory be to You O Lover of Mankind": / praise Him and exalt Him above all.</Stanza>
            <Stanza>You trees and all that springs on the earth, / and all that moves in the waters, / mountains and the forests, / praise Him and exalt Him above all.</Stanza>
            <Stanza>Praise without ceasing / the Lord the King of the kings: / O you rivers and seas, / praise Him and exalt Him above all.</Stanza>
            <Stanza>And we also seeing them, / let us say with all these things: / bless the Lord all you birds: / praise Him and exalt Him above all.</Stanza>
            <Stanza>O snow and ice, / cattle and wild beasts: / bless the Lord of lords: / praise Him and exalt Him above all.</Stanza>
            <Stanza>Bless the Lord as befits Him, / and not like the disobedient, / all you sons of men, / praise Him and exalt Him above all.</Stanza>
            <Stanza>O Israel offer before Him / honor and glory in a joyful voice, / all you priests of Emmanuel, / praise Him and exalt Him above all.</Stanza>
            <Stanza>You servants of the true God, / the souls of the righteous / and the humble and the charitable, / praise Him and exalt Him above all.</Stanza>
            <Stanza>God my God is the One / who saved you from danger, / O Shadrach Meshach and Abed-Nego, / praise Him and exalt Him above all.</Stanza>
            <Stanza>Hurry with great watchfulness / O you righteous of the Lord, / and all the creatures He has made, / praise Him and exalt Him above all.</Stanza>
            <Stanza>Coolness and repose without ceasing, / grant unto all of us, / that we may joyfully proclaim: / praise Him and exalt Him above all.</Stanza>
            <Stanza>And also Your poor servant Sarkis, / make him without condemnation / that he may join all those and say: / praise Him and exalt Him above all.</Stanza>
        </Translation>
        <Translation Key="CopticTranslation" Language="Coptic" Font="CS Avva Shenouda" Title="\lang{Coptic|CS Avva Shenouda|`Ari'alin}">
            <Stanza>`Ari'alin `evy`etauasf / `e`hryi `ejwn ouoh aukocf / aftwnf afkwrf `m`vmou af]sosf / hwc `erof `arihou`o [acf.</Stanza>
            <Stanza>Bws `mpirwmi `mpaleoc / ouoh jwlh `mpiberi eu`kleoc / ouoh `eqwnt `emega`eleoc / hwc `erof `arihou`o [acf.</Stanza>
            <Stanza>Genoc `nNi`,rictianoc / ni`precbuteroc ke diakonoc / ma`wou `m`P[oic je ouhikanoc / hwc `erof `arihou`o [acf.</Stanza>
            <Stanza>Deute haron `w pisomt `n`alou / `eta Pi`,rictoc Pennou] `olou / afnahmou `ebol ha pidiabolou / hwc `erof `arihou`o [acf.</Stanza>
            <Stanza>E;be Peknou] Maciac / `Vref] `neuergeciac / `amou saron `Ananiac / hwc `erof `arihou`o [acf.</Stanza>
            <Stanza>Zylwte `Azariac / ecperac ke `prw`i ke mecym `briac / ma`wou `n`tjom `n\}`triac / hwc `erof `arihou`o [acf.</Stanza>
            <Stanza>Yppe gar ic Emmanouyl / hi tenmy] `w Micayl / lali qen ou`cmy `n;elyl / hwc `erof `arihou`o [acf.</Stanza>
            <Stanza>:wou] ]nou kata ,in tyrou / caji nem ni`precbuterou / `cmou `e`P[oic nef`hbyou`i tyrou / hwc `erof `arihou`o [acf.</Stanza>
            <Stanza>Ic nivyou`i cecaji `m`p`wou / `m`Vnou] sa `eqoun `mvoou / `w niaggeloc `etaf`jvwou / hwc `erof `arihou`o [acf.</Stanza>
            <Stanza>Ke nun dunamic tou Kuriou / `cmou `epefran tou timiou / piry nem piioh nem niciou / hwc `erof `arihou`o [acf.</Stanza>
            <Stanza>Loipon nimou`nhwou nem niiw] / euvymica te Penrefcw] / je `n;of pe `Vnou] `nte nenio] / hwc `erof `arihou`o [acf.</Stanza>
            <Stanza>Ma`wou `m`P[oic `w ni[ypi euma / ni;you nem ninifi nem ni`pneuma / pijaf nem pi`,rwm nem pikauma / hwc `erof `arihou`o [acf.</Stanza>
            <Stanza>Nuktec ke `ymererw pe / vwcke `ckotoc ke ac`trape / je doxa ci Vilan`;rwpe / hwc `erof `arihou`o [acf.</Stanza>
            <Stanza>Xula ke panta ta vu`omena / en ty gy ke panta ta kinoumena / hi nimwou nem nitwou nem `drumona / hwc `erof `arihou`o [acf.</Stanza>
            <Stanza>Ouoh on `cmou `nat,arwou / `e`P[oic `Pouro `nte niourwou / ni`amaiou nem niiarwou / hwc `erof `arihou`o [acf.</Stanza>
            <Stanza>Pairy] `anon tennau `erwou / marenjoc nem nai wn tyrou / `cmou `e`P[oic nihala] tyrou / hwc `erof `arihou`o [acf.</Stanza>
            <Stanza>Rw `nnipa,ny nem ni,iwn / ke `ktynwn nem ni;yrion / `cmou `e`P[oic twn kuriwn / hwc `erof `arihou`o [acf.</Stanza>
            <Stanza>`Cmou `e`P[oic kata `vtwmi / `erof ke ou my paranomi / `w nisyri `nte nirwmi / hwc `erof `arihou`o [acf. </Stanza>
            <Stanza>Timy ke doxa `w Picrayl / `ini nahraf qen ou`cmy `n;elyl / niouyb `nte Emmanouyl / hwc `erof `arihou`o [acf.</Stanza>
            <Stanza>`Upyretwn `m`Vnou] `mmyi / nem ni'u,y `nte ni`;myi / nyet;ebiyout `nrefmei / hwc `erof `arihou`o [acf.</Stanza>
            <Stanza>`Vnou] Panou] `egw / Petenrefcw] ek ton `agw / Cedrak Micak Abdenagw / hwc `erof `arihou`o [acf.</Stanza>
            <Stanza>&lt;wlem qen ounis] `n`srwic / `w nyetercebec;e `m`P[oic / nem nivucic tyrou `etafaic / hwc `erof `arihou`o [acf.</Stanza>
            <Stanza>"u,oc ke `anapaucic / moi nan tyren ,wric `;raucic / e;renjw qen ou`apolaucic / hwc `erof `arihou`o [acf.</Stanza>
            <Stanza>`Wcautwc pekbwk pi`ptw,oc / Carkic `aritf efoi `neno,oc / `ecaji nem nai hwc meto,oc / hwc `erof `arihou`o [acf.</Stanza>
        </Translation>
        <Translation Language="Arabic" Title="إبصالية واطس للثلاثة فتية القديسين">
            <Stanza>رتلوا للذي صُلب عنا، وقُبر وقام، وأبطل الموت وأهانه، سبحوه وزيدوه علواً.</Stanza>
            <Stanza>إخلعوا الإنسان العتيق، وألبسوا الجديد الفاخر، وإقتربوا إلى عِظَم الرحمة، سبحوه وزيدوه علواً.</Stanza>
            <Stanza>يا جنس المسيحيين، القسوس والشمامسة، أعطوا مجداً للرب لأنه مستوجب، سبحوه وزيدوه علواً.</Stanza>
            <Stanza>هَلُمَّ إلينا أيها الثلاثة فتية، الذين رفعهم المسيح إلهنا، وأنقذهم من إبليس، سبحوه وزيدوه علواً.</Stanza>
            <Stanza>من أجل إلهك ماسيا، المانح الإحسان، هَلُمَّ إلينا يا حنانيا، سبحوه وزيدوه علواً.</Stanza>
            <Stanza>يا عزاريا الغيور، عشية وبكرة والظهيرة، أعط مجداً لقوة الثالوث، سبّحه وزده علواً.</Stanza>
            <Stanza>فها هوذا عمانوئيل، في وسطنا يا ميصائيل، تكلم بصوت التهليل، سبّحه وزده علواً.</Stanza>
            <Stanza>إجتمعوا وثابروا جميعاً، تكلموا مع القسوس، وسبحي الرب يا جميع أعماله، سبحوه وزيدوه علواً.</Stanza>
            <Stanza>ها السموات تنطق بمجد الله، إلى هذا اليوم، يا أيها الملائكة الذين أنشأهم، سبحوه وزيدوه علواً.</Stanza>
            <Stanza>والآن يا قوات الرب، باركوا إسمه الكريم، أيتها الشمس والقمر والنجوم، سبحيه وزيديه علواً.</Stanza>
            <Stanza>وأيضاً أيتها الأمطار والأنداء، إمدحي مخلصنا، لأنه هو إله آبائنا، سبحيه وزيديه علواً. </Stanza>
            <Stanza>أعطي مجداً أيتها السحب معاً، والأهوية والنفوس والأرواح، والبرد والنار والحرارة، سبحيه وزيده علوا.</Stanza>
            <Stanza>أيتها الليالي والأيام أيضاً، والنور والظلمة والبروق، قائلة المجد لك يا محب البشر، سبحوه وزيدوه علواً.</Stanza>
            <Stanza>أيتها الأشجار وجميع ما ينبُت، في الأرض وكل ما يتحرك، في المياه والجبال والغياض، سبحوه وزيدوه علواً.</Stanza>
            <Stanza>وأيضاً سبحي بغير فتور، الرب ملك الملوك، أيتها البحار والأنهار، سبحيه وزيديه علواً.</Stanza>
            <Stanza>هكذا نحن إذ ننظر إليهم، فلنقل مع هذه الموجودات جميعها، باركي الرب يا جميع الطيور، سبحيه وزيده علواً.</Stanza>
            <Stanza>أيها الجليد والثلج، والبهائم والوحوش، باركي رب الأرباب، سبحيه وزيديه علواً.</Stanza>
            <Stanza>سبحوا الرب كما يليق به، وليس كالمخالفين، يا أبناء البشر، سبحوه وزيدوه علواً.</Stanza>
            <Stanza>مجداً وإكراماً قدم أمامه، يا إسرائيل بصوت التهليل، يا كهنة عمانوئيل، سبحوه وزيدوه علواً.</Stanza>
            <Stanza>يا خدام الله الحقيقي، وأنفس الأبرار، المتواضعين المحبين، سبحوه وزيدوه علواً.</Stanza>
            <Stanza>الله إلهي أنا، هو مخلصكم من الخطر، يا سدراك وميساك وأبدناغو، سبحوه وزيدوه علوا.</Stanza>
            <Stanza>أسرعوا بحرص عظيم، يا أتقياء الرب، وكل الطبائع التي صنعها، سبحوه وزيدوه علواً.</Stanza>
            <Stanza>برودة ونياحاً أعطنا، كلنا بغير إنقطاع، لنقول بتمتُع، سبحوه وزيدوه علواً.</Stanza>
            <Stanza>كذلك عبدك المسكين سركيس، إجعله بغير دينونة، ليقول مع هؤلاء كشريك، سبحوه وزيدوه علواً.</Stanza>
        </Translation>
    </Translations>
</Document>