<?xml version="1.0" encoding="utf-8"?>
<Document xmlns:xsi="http://www.w3.org/2001/XMLSchema-instance" xmlns:xsd="http://www.w3.org/2001/XMLSchema">
    <Name>Watos Hymn for the Three Saintly Children</Name>
    <Uuid>28c70071-ce5e-4add-aa5c-d093acfb2774</Uuid>
    <Translations>
        <Translation Language="English" Title="Watos Hymn for the Three Saintly Children">
            <Stanza>We follow You with all our hearts, and fear You, and we seek Your face, O God do not forsake us.</Stanza>
            <Stanza>But rather deal with us, according to Your meekness, and according to Your great mercy, O Lord help us.</Stanza>
            <Stanza>May our prayers ascend unto You, O our Master, like burnt offerings of lambs, and fatted calves.</Stanza>
            <Stanza>Do not forget the covenant, which You have made with our fathers, Abraham, Isaac, and Jacob, Israel Your holy one.</Stanza>
            <Stanza>Bless the Lord all you nations, the tribes and all kinds of tongues, praise Him and glorify Him, above all forever.</Stanza>
            <Stanza>Pray to the Lord on our behalf, O three saintly children, Sedrach, Misach, and Abednego, that He may forgive us our sins.</Stanza>
        </Translation>
        <Translation Key="CopticTranslation" Language="Coptic" Font="CopticStandard" Title='Ⲯⲁⲗⲓ Ⲃⲁⲧⲟⲥ Ⲉⲑⲃⲉ Ⲡⲓϣⲟⲙⲧ ⲛ&#x0300;Ⲁ&#x0300;ⲗⲟⲩ ⲛ&#x0300;Ⲁ&#x0300;ⲅⲓⲟⲥ'>
            <Stanza>Tenoueh `ncwk qen penhyt tyrf@ tenerho] qatekhy@ ouoh tenkw] `nca pekho@ `Vnou] `mper]sipi nan.</Stanza>
            <Stanza>Alla `ariou`i neman@ kata tekmet`epikyc@ nem kata `p`asai `nte peknai@ `P[oic `aribo`y;in `eron.</Stanza>
            <Stanza>Mare ten`proceu,y Pennyb@ `i `e`pswi `mpek`m;o@ `m`vry] `nhan[lil `nte hanwili@ nem hanmaci eukeni`wout.</Stanza>
            <Stanza>Mpererpwbs `n]dia;yky@ ;y`etakcemnytc nem nenio]@ Abraam `Icaak Iakwb@ Picrayl pee;ouab `ntak.</Stanza>
            <Stanza>`Cmou `e`P[oic nilaoc tyrou@ nivuly niacpi `nlac@ hwc `erof ma`wou naf@ `arihou`o [acf sa ni`eneh.</Stanza>
            <Stanza>Twbh `m`P[oic `e`hryi `ejwn@ `w pisomt `n`alou `n`agioc@ Cedrak Micak Abdenagw@ `ntef,a nennobi nan `ebol.</Stanza>
        </Translation>
    </Translations>
</Document>