<?xml version="1.0" encoding="utf-8"?>
<Document>
    <Name>Introduction to the Watos Theotokia</Name>
    <Key>urn:suscopts:watos-theotokia-intro</Key>
    <Translations>
        <Translation Language="English" Title="Introduction to the Watos Theotokia">
            <Stanza>And whenever we sing, let us say tenderly, "O our Lord Jesus Christ, have mercy upon our souls."</Stanza>
            <Stanza>Glory be to the Father and the Son, and the Holy Spirit, now and forever and unto, the age of all ages: Amen.</Stanza>
        </Translation>
        <Translation Language="Coptic" Title="Ⲉ̀ϣⲱⲡ ⲁⲛϣⲁⲛⲉⲣⲯⲁⲗⲓⲛ">
            <Stanza>Ⲉ̀ϣⲱⲡ ⲁⲛϣⲁⲛⲉⲣⲯⲁⲗⲓⲛ: ⲙⲁⲣⲉⲛϫⲟⲥ ϧⲉⲛ ⲟⲩϩ̀ⲗⲟϫ: ϫⲉ Ⲡⲉⲛϭⲟⲓⲥ Ⲓⲏⲥⲟⲩⲥ Ⲡⲓⲭ̀ⲣⲓⲥⲧⲟⲥ: ⲁ̀ⲣⲓⲟⲩⲛⲁⲓ ⲛⲉⲙ ⲛⲉⲛⲯⲩⲭⲏ.</Stanza>
            <Stanza>Ⲇⲟⲝⲁ Ⲡⲁⲧⲣⲓ ⲕⲉ Ⲩ̀ⲓⲱ: ⲕⲉ Ⲁ̀ⲅⲓⲱ Ⲡ̀ⲛⲉⲩⲙⲁⲧⲓ: ⲕⲉ ⲛⲩⲛ ⲕⲉ ⲁ̀ⲓ̀ ⲕⲉ ⲓⲥ ⲧⲟⲩⲥ: ⲉ̀ⲱ̀ⲛⲁⲥ ⲧⲱⲛ ⲉ̀ⲱ̀ⲛⲱⲛ ⲁ̀ⲙⲏⲛ.</Stanza>
        </Translation>
        <Translation Language="Arabic" Title="مقدمة الثيؤطوكيات الواطس">
            <Stanza>إذا ما رتلنا، فلنقل بعذوبة، "يا ربنا يسوع المسيح، إصنع رحمة مع نفوسنا."</Stanza>
            <Stanza>المجد للآب والإبن، والروح القدوس، الآن وكل أوان، وإلى دهر الدهور آمين.</Stanza>
        </Translation>
    </Translations>
</Document>