<?xml version="1.0" encoding="utf-8"?>
<Document xmlns:xsi="http://www.w3.org/2001/XMLSchema-instance" xmlns:xsd="http://www.w3.org/2001/XMLSchema">
    <Name>The Morning Doxology</Name>
    <Uuid>28c70071-ce5e-4add-aa5c-d093acfb2787</Uuid>
    <Translations>
        <Translation Title="The Morning Doxology" Language="English">
            <Stanza>We worship the Father and the Son, and the Holy Spirit, hail to the church, the house of the angels.</Stanza>
            <Stanza>Hail to the Virgin, who gave birth to our Savior, hail to Gabriel, who announced to her the good news.</Stanza>
            <Stanza>Hail to Michael, the archangel, hail to the twenty four, presbyters.</Stanza>
            <Stanza>Hail to the Cherubim, hail to the Seraphim, hail to all the hosts, of the heavens.</Stanza>
            <Stanza>Hail to John, the great forerunner, hail to the, twelve Apostles.</Stanza>
            <Stanza>Hail to our father Mark, the Evangelist, the destroyer, of the idols.</Stanza>
            <Stanza>Hail to Stephen, the first martyr, hail to George, the morning star.</Stanza>
            <Stanza>Hail to the whole choir, of the martyrs, hail to Abba Antony, and the three Macarii.</Stanza>
            <Stanza>Hail to the whole choir, of the cross-bearers, hail to all the saints, who have pleased the Lord.</Stanza>
            <Stanza>Through their prayers, O Christ our King, have mercy upon us, in Your kingdom.</Stanza>
            <Section Title="For Our Lord Jesus Christ">
                <Stanza>O true Light, that gives light, to every man, that comes into the world.</Stanza>
                <Stanza>You came into the world, through Your love for man, and all the creation, rejoiced at Your coming.</Stanza>
                <Stanza>You have saved Adam, from seduction, and delivered Eve, from the pangs of death.</Stanza>
                <Stanza>You gave unto us, the Spirit of sonship, we praise and bless You, with Your angels.</Stanza>
                <Stanza>When the morning hour, comes upon us, O Christ our God, the true Light.</Stanza>
                <Stanza>Let the thought of light, shine within us, and do not let the darkness, of pain cover us.</Stanza>
                <Stanza>That we may praise You, with understanding, proclaiming and saying, with David.</Stanza>
                <Stanza>"My eyes have reached, the morning watch, that I may meditate, upon all Your words."</Stanza>
                <Stanza>Hear our voices, according to Your great mercy, save us O Lord our God, according to Your compassion.</Stanza>
                <Stanza>O caring God, the Maker of all good things, who governs well, with His chosen ones.</Stanza>
                <Stanza>The strong Governor for those, who take refuge in Him, who longs for the salvation, and deliverance of everyone.</Stanza>
                <Stanza>Through Your goodness, You provided us the night, grant us to pass, this day without sin.</Stanza>
                <Stanza>That we may be worthy, to lift up our hands, before You without anger, or evil thoughts.</Stanza>
                <Stanza>At this dawn, make straight our coming in, and our going out, in the joy of Your protection.</Stanza>
                <Stanza>That we may proclaim, Your righteousness daily, and praise Your power, with David the prophet.</Stanza>
                <Stanza>Saying "In Your peace, O Christ our Savior, we slept and arose, for we have hoped in You.</Stanza>
                <Stanza>Behold how beneficent, and how pleasant, it is for brethren, to dwell together in unity."</Stanza>
                <Stanza>United, in the true, evangelic love, like the Apostles.</Stanza>
                <Stanza>It is like the fragrant oil, on the head of Christ, running down the beard, down to the feet.</Stanza>
                <Stanza>That anoints every day, the elders, the children and young men, and the deacons.</Stanza>
                <Stanza>Those whom the Holy Spirit, has attuned together, as a stringed instrument, always blessing God.</Stanza>
                <Stanza>By psalms and hymns, and spiritual songs, by day and by night, with an incessant heart.</Stanza>
            </Section>
            <Section Title="For the Virgin">
                <Stanza>You are the Mother of the Light, the honored Mother of God, you have carried, the Uncircumscript Logos.</Stanza>
                <Stanza>After you gave birth to Him, you remained a virgin, with praises and blessings, we magnify you.</Stanza>
                <Stanza>For of His own will, and the pleasure of His Father, and the Holy Spirit, He came and saved us.</Stanza>
                <Stanza>And we too, hope to win mercy, through your intercessions, with the Lover of Mankind.</Stanza>
                <Stanza>The select incense, of your virginity, ascended to the throne, of the Father.</Stanza>
                <Stanza>Better than the incense, of the Cherubim, and the Seraphim, O Virgin Mary.</Stanza>
                <Stanza>Hail to the new heaven, whom the Father has created, and made a place of rest, for His beloved Son.</Stanza>
                <Stanza>Hail to the royal throne, of Him who is, carried by, the Cherubim.</Stanza>
                <Stanza>Hail to the advocate, of our souls, you are indeed, the pride of our race.</Stanza>
                <Stanza>Intercede on our behalf, O full of grace, before our Savior, our Lord Jesus Christ.</Stanza>
                <Stanza>That He may confirm us, in the upright faith, and grant us the forgiveness, of our sins.</Stanza>
                <Stanza>Through the intercessions, of the Theotokos Saint Mary, O Lord grant us, the forgiveness of our sins.</Stanza>
            </Section>
            <Section Title="For the Angels">
                <Stanza>Thousands of thousands, and myriads of myriads, of archangels, and holy angels.</Stanza>
                <Stanza>They stand before, the throne, of the Pantocrator, proclaiming and saying.</Stanza>
                <Stanza>"Holy holy, holy in truth, the glory and the honor, befit the Trinity."</Stanza>
                <Stanza>Through the intercessions, of the whole choir of the angels, O Lord grant us, the forgiveness of our sins.</Stanza>
            </Section>
            <Section Title="For the Apostles">
                <Stanza>Our fathers the Apostles, preached to the nations, the Gospel, of Jesus Christ.</Stanza>
                <Stanza>Their voices went forth, into all the earth, and their words have reached, the ends of the world.</Stanza>
                <Stanza>Through the prayers, of my lords and fathers the Apostles, O Lord grant us, the forgiveness of our sins.</Stanza>
            </Section>
            <Section Title="For the Martyrs">
                <Stanza>Unfading crowns, the Lord has placed, upon the whole choir, of the martyrs.</Stanza>
                <Stanza>He saved and delivered them, because they took refuge in Him, they celebrated with Him, in His kingdom.</Stanza>
                <Stanza>Through the prayers, of the whole choir of the martyrs, O Lord grant us, the forgiveness of our sins.</Stanza>
            </Section>
            <Section Title="For the Saints">
                <Stanza>Your saints bless You, and they speak, of the glory, of Your kingdom.</Stanza>
                <Stanza>Your kingdom O my God, is an eternal kingdom, and Your Lordship, is unto all ages.</Stanza>
                <Stanza>Through the prayers, of the whole choir of the cross-bearers, the righteous and the just, O Lord grant us, the forgiveness of our sins.</Stanza>
            </Section>
            <Section Title="For the Patriarchs and the Prophets">
                <Stanza>Hail to Elijah, the prophet of temperance, and Elisha, his elect disciple.</Stanza>
                <Stanza>The great Evangelist, of the land of Egypt, Mark the Apostle, the first prelate.</Stanza>
                <Stanza>You are the Mother of God, O Virgin Mary, ask Him on our behalf, to have mercy upon our race.</Stanza>
                <Stanza>The great patriarch, our father Abba Severus, whose holy teachings, enlightened our minds.</Stanza>
                <Stanza>Our father the confessor, Abba Dioscorus, defended the faith, against the heretics.</Stanza>
                <Stanza>And all of our fathers, who have pleased the Lord, may their holy blessings, be a guard unto us.</Stanza>
                <Stanza>Through their prayers, O God grant us, the forgiveness of our sins, and give us peace.</Stanza>
            </Section>
        </Translation>
        <Translation Key="CopticTranslation" Title="Ϯⲇⲟⲝⲟⲗⲟⲅⲓⲁ ̀ⲛⲧⲉ Ϣⲱⲣⲡ" Language="Coptic" Font="CS Avva Shenouda">
            <Stanza>Tenouwst `m`Viwt nem `Psyri@ nem Pi`pneuma e;ouab@ ,ere ]ekklycia@ `pyi `nte niaggeloc.</Stanza>
            <Stanza>&lt;ere \}par;enoc@ `etacmec Pencwtyr@ ,ere Gabriyl@ `etafhisennoufi nac.</Stanza>
            <Stanza>&lt;ere Mi,ayl@ piar,yaggeloc@ ,ere pijout `ftoou@ `m`precbuteroc.</Stanza>
            <Stanza>&lt;ere Ni,eroubim@ ,ere Niceravim@ ,ere nitagma tyrou@ `n`epouranion.</Stanza>
            <Stanza>&lt;ere Iwannyc@ pinis] `m`prodromoc@ ,ere pimyt`cnau@ `n`apoctoloc.</Stanza>
            <Stanza>&lt;ere peniwt Markoc@ pieuaggelictyc@ pirefjwr `ebol@ `nte ni`idwlon.</Stanza>
            <Stanza>&lt;ere `Ctevanoc@ pisorp `mmarturoc@ ,ere Gewrgioc@ piciou `nte han`atoou`i.</Stanza>
            <Stanza>&lt;ere `p,oroc tyrf@ `nte nimarturoc@ ,ere abba Antwni@ nem pisomt Makarioc.</Stanza>
            <Stanza>&lt;ere `p,oroc tyrf@ `nte ni`ctaurovoroc@ ,ere nye;ouab tyrou@ `etafranaf `m`P[oic.</Stanza>
            <Stanza>Hiten noueu,y@ Pi`,rictoc Penouro@ `ari ounai neman@ qen tekmetouro.</Stanza>
            <Section Title="Ⲉⲑⲃⲉ Ⲡⲉⲛϭⲟⲓⲥ Ⲓⲏⲥⲟⲩⲥ Ⲡⲓ̀ⲭⲣⲓⲥⲧⲟⲥ">
                <Stanza>Piouwini `nta`vmyi@ vyeterouwini@ `erwmi niben@ e;nyou `epikocmoc.</Stanza>
                <Stanza>Ak`i `epikocmoc@ hiten tekmetmairwmi@ `a]`ktycic tyrc@ ;elyl qa pekjin`i.</Stanza>
                <Stanza>Akcw] `n`Adam@ `ebol qen ]`apaty@ aker `Eua `nremhe@ qen ninakhi `nte `vmou.</Stanza>
                <Stanza>Ak] nan `mPi`pneuma@ `nte ]metsyri@ enhwc en`cmou `erok@ nem nekaggeloc.</Stanza>
                <Stanza>Qen `pjin`;ref`i nan `eqoun@ `nje `vnau `nswrp@ `w Pi`,rictoc Pennou]@ Piouwini `nta`vmyi.</Stanza>
                <Stanza>Marousai `nqyten@ `nje nilogicmoc `nte piouwini@ ouoh `mpen`;refhobcten@ `nje `p,aki `nnipa;oc.</Stanza>
                <Stanza>Hina `ntenhwc `erok@ `nno`ytoc nem Dauid@ enws oubyk@ ouoh enjw `mmoc.</Stanza>
                <Stanza>Je auersorp `mvoh@ `nje nabal `m`vnau `nswrp@ `eermeletan@ qen nekcaji tyrou.</Stanza>
                <Stanza>Cwtem `eten`cmy@ kata peknis] `nnai@ nahmen `P[oic Pennou]@ kata nekmetsenhyt.</Stanza>
                <Stanza>`Vnou] Pifairwous@ `nreferpe;nanef@ Pireferoikonomin@ `nnefcwtp `nkalwc.</Stanza>
                <Stanza>Pireferhemi etjor@ `nny`etauvwt harof@ `vref[isswou `nte ouon niben@ nohem `ntououjai.</Stanza>
                <Stanza>Qen tekmet`,ryctoc@ akcob] nan `mpi`ejwrh@ `ari`hmot nan `mpai`ehoou@ `enoi `na;nobi.</Stanza>
                <Stanza>E;rener`pem`psa@ `efai `nnenjij `e`pswi@ harok `mpek`m;o@ ,wric jwnt nem mokmek efhwou.</Stanza>
                <Stanza>Qen taihanatoou`i@ coutwn nenmwit `eqoun@ nem nenmwit `ebol@ qen `pounof `nte tek`ckepy.</Stanza>
                <Stanza>E;renjw `ntekme;myi@ `n`ehoou niben@ `ntenhwc `etekjom@ nem Dauid pi`provytyc.</Stanza>
                <Stanza>Je qen tekhiryny@ Pi`,rictoc Pencwtyr@ `anenkot antwoun@ je `anerhelpic `erok.</Stanza>
                <Stanza>Hyppe oupe;nanef@ ie oupetholj `ebyl@ `e`p]ma] `nhan`cnyou@ eusop hi ouma.</Stanza>
                <Stanza>Euercumvwnin@ qen ou`agapy `mmyi@ `neuaggeliky@ kata ni`apoctoloc.</Stanza>
                <Stanza>`M`vry] `mpicojen@ `e]`ave `mPi`,rictoc@ efnyou `ejen ]mort@ sa `e`qryi `eni[alauj.</Stanza>
                <Stanza>Ef;whc `mmyni niben@ niqelloi nem ni`alwou`i@ nem niqelsiri@ nem nidiakonictyc.</Stanza>
                <Stanza>Nai `etafhotpou eucop@ `nje Pi`pneuma e;ouab@ `m`vry] `nouku;ara@ eu`cmou `e`Vnou] `ncyou niben.</Stanza>
                <Stanza>Qen han'almoc nem hanhwc@ nem hanhwdy `m`pneumatikon@ `mpi`ehoou nem pi`ejwrh@ qen ouhyt `nat,arwf.</Stanza>
            </Section>
            <Section Title="Ⲉⲑⲃⲉ Ϯⲡⲁⲣⲑⲉⲛⲟⲥ">
                <Stanza>`N;o `:mau `mPiouwini@ ettaiyout `mMacnou]@ `arefai qa Pilogoc@ Pi`a,writoc.</Stanza>
                <Stanza>Menenca `;remacf@ `are`ohi `ereoi `mpar;enoc@ qen hanhwc nem han`cmou@ ten[ici `mmo.</Stanza>
                <Stanza>Je `n;of qen pefouws@ nem `p]ma] `mPefiwt@ nem Pi`pneuma e;ouab@ af`i afcw] `mmon.</Stanza>
                <Stanza>`Anon hwn tentwbh@ e;rensasni eunai@ hiten ne`precbia@ `ntotf `mPimairwmi.</Stanza>
                <Stanza>`A pi`c;oinoufi etcwtp@ `nte tepar;enia@ afsenaf `e`pswi@ sa pi`;ronoc `m`Viwt.</Stanza>
                <Stanza>`Ehote pi`c;oinofi@ `nte Ni,eroubim@ nem Niceravim@ Maria \}par;enoc.</Stanza>
                <Stanza>&lt;ere ]ve `mberi@ ;y`eta `Viwt ;amioc@ af,ac `nouma `nemton@ `mPefsyri `mmenrit.</Stanza>
                <Stanza>&lt;ere pi`;ronoc@ `mbacilikon@ `mvy`etoufai `mmof@ hijen Ni,eroubim.</Stanza>
                <Stanza>&lt;ere ]`proctatyc@ `nte nen'u,y@ `n;o gar `aly;wc@ pe `psousou `mpengenoc.</Stanza>
                <Stanza>`Ari`precbeuin `ejwn@ `w ;ye;meh `n`hmot@ nahren Pencwtyr@ Pen[oic Iycouc Pi`,rictoc.</Stanza>
                <Stanza>Hopwc `nteftajron@ qen pinah] etcoutwn@ ouoh `ntefer`hmot nan@ `mpi,w `ebol `nte nennobi.</Stanza>
                <Stanza>Hiten ni`precbia@ `nte \};e`otokoc e;ouab Maria@ `P[oic `ari`hmot nan@ `mpi,w `ebol `nte nennobi.</Stanza>
            </Section>
            <Section Title="Ⲉⲑⲃⲉ Ⲛⲓⲁⲅⲅⲉⲗⲟⲥ">
                <Stanza>Hana`nso `nso@ nem han`;ba `n`;ba@ `nar,yaggeloc@ nem aggeloc e;ouab.</Stanza>
                <Stanza>Eu`ohi `eratou@ `mpe`m;o `mpi`;ronoc@ `nte Pipantokratwr@ euws `ebol eujw `mmoc.</Stanza>
                <Stanza>Je `,ouab `,ouab@ `,ouab qen oume;myi@ pi`wou nem pitaio@ er`prepi `n\}`triac.</Stanza>
                <Stanza>Hiten ni`precbia@ `nte `p,oroc tyrf `nte niaggeloc@ `P[oic `ari`hmot nan@ `mpi,w `ebol `nte nennobi.</Stanza>
            </Section>
            <Section Title="Ⲉⲑⲃⲉ Ⲛⲓ̀ⲁⲡⲟⲥⲧⲟⲗⲟⲥ">
                <Stanza>Nenio] `n`apoctoloc@ auhiwis qen nie;noc@ qen pieuaggelion@ `nte Iycouc Pi`,rictoc.</Stanza>
                <Stanza>`A pou`qrwou senaf@ hijen `pkahi tyrf@ ouoh noucaji auvoh@ sa auryjc `n]oikoumeny.</Stanza>
                <Stanza>Hiten nieu,y@ `nte na[oic `nio] `n`apoctoloc@ `P[oic `ari`hmot nan@ `mpi,w `ebol `nte nennobi.</Stanza>
            </Section>
            <Section Title="Ⲉⲑⲃⲉ Ⲛⲓⲙⲁⲣⲧⲩⲣⲟⲥ">
                <Stanza>Han`,lom `natlwm@ aftyitou `nje `P[oic@ hijen `p,oroc tyrf@ `nte nimarturoc.</Stanza>
                <Stanza>Aftoujwou afnahmou@ je auvwt harof@ auersai nemaf@ qen tefmetouro.</Stanza>
                <Stanza>Hiten nieu,y@ `nte `p,oroc tyrf `nte nimarturoc@ `P[oic `ari`hmot nan@ `mpi,w `ebol `nte nennobi.</Stanza>
            </Section>
            <Section Title="Ⲉⲑⲃⲉ Ⲛⲏⲉⲑⲟⲩⲁⲃ">
                <Stanza>Nye;ouab `ntak@ eu`e`cmou `erok@ eu`ecaji `m`p`wou@ `nte tekmetouro.</Stanza>
                <Stanza>Tekmetouro Panou]@ oumetouro `n`eneh@ ouoh tekmet[oic@ sa nigene`a tyrou.</Stanza>
                <Stanza>Hiten nieu,y@ `nte `p,oroc tyrf `nte ni`ctaurovoroc@ nem ni`;myi nem nidikeoc@ `P[oic `ari`hmot nan@ `mpi,w `ebol `nte nennobi.</Stanza>
            </Section>
            <Section Title="Ⲉⲑⲃⲉ Ⲛⲓⲡⲁⲧⲣⲓⲁⲣⲭⲏⲥ ⲛⲉⲙ Ⲛⲓ̀ⲡⲣⲟⲫⲏⲧⲏⲥ">
                <Stanza>&lt;ere `Yliac@ picovron `m`provytyc@ nem `Eliceoc@ pefcwtp `mma;ytyc.</Stanza>
                <Stanza>Pinis] `nrefhiwis@ qen ],wra `nte &lt;ymi@ Markoc pi`apoctoloc@ pecsorp `nneferhemi.</Stanza>
                <Stanza>`N;o pe `:mau `m`Vnou]@ Maria \}par;enoc@ twbh `mmof `ejwn@ e;refnai qa pengenoc.</Stanza>
                <Stanza>Pinis] `mpatriar,yc@ peniwt abba Ceuyroc@ vy`eta nef`cbwou`i e;ouab@ erouwini `mpennouc.</Stanza>
                <Stanza>Peniwt `n`omologityc@ abba Diockoroc@ afmisi `ejen pinah]@ oube niheretikoc.</Stanza>
                <Stanza>Nem nenio] tyrou@ `etauranaf `m`P[oic@ `ere pou`cmou e;ouab@ swpi nan `nourefrwic.</Stanza>
                <Stanza>Hiten noueu,y@ `ari`hmot nan `Vnou]@ `mpi,w `ebol `nte nennobi@ moi nan `noucw].</Stanza>
            </Section>
        </Translation>
        <!-- <Translation Title="ذكصولوجية باكر" Language="Arabic">

        </Translation> -->
    </Translations>
</Document>