<?xml version="1.0" encoding="utf-8"?>
<Document>
    <Name>Post-Gospel Hymn [Nativity, Malankara]</Name>
    <Key>urn:mosc:postgospel-hymn:nativity-feast</Key>
    <Translations>
        <Translation Language="en" Title="Post-Gospel Hymn">
            <Comment Type="Tune">Tone 1</Comment>
            <Stanza>Our Lord, Jesus Christ said, "I am the Bread of Life</Stanza>
            <Stanza>Who descended from the heights to nourish the world.</Stanza>
            <Stanza>I am the Word - sent by My Father,</Stanza>
            <Stanza>Like a sower, - Gabr'el planted me.</Stanza>
            <Stanza>Like fertile earth, the womb of Mary recieved Me</Stanza>
            <Stanza>Like the angels, the priests extol Me on their hands"</Stanza>
            <Stanza>Halleluyah - "upon the altar"</Stanza>
        </Translation>
    </Translations>
</Document>