<?xml version="1.0" encoding="utf-8"?>
<Document>
    <Name>Concluding Hymn [Nativity, Malankara]</Name>
    <Key>urn:mosc:concluding-hymn:nativity-feast</Key>
    <Translations>
        <Translation Language="en" Title="Concluding Hymn">
            <Comment Type="Tune">Tone 1</Comment>
            <Stanza>O Bethlehem - David's City</Stanza>
            <Stanza>Towns and cities - all envy you</Stanza>
            <Stanza>Likewise, Mary - the bless'd virgin</Stanza>
            <Stanza>Is envied by - nobile women</Stanza>
            <Stanza>O Bethlehem, bless'd are you</Stanza>
            <Stanza>For within you, Mary bore Christ</Stanza>
            <Stanza>O Virgin and - O Bethlehem</Stanza>
            <Stanza>Bless'ed by - your humility</Stanza>
        </Translation>
    </Translations>
</Document>