<?xml version="1.0" encoding="utf-16"?>
<Document>
    <Name>The Conclusion of the Adam Theotokia</Name>
    <Uuid>urn:suscopts:adam-theotokia-conclusion</Uuid>
    <Translations>
        <Translation Language="English" Title="The Conclusion of the Adam Theotokias">
            <Stanza>Your mercies O my God / are countless / and exceedingly plenteous / are you compassions.</Stanza>
            <Stanza>All the raindrops / are counted before you / and the sand of the sea / is before Your eyes.</Stanza>
            <Stanza>How much are / the sins of my soul / manifest before You, / O my Lord.</Stanza>
            <Stanza>The sins that I have committed, / do not remember my Lord, / and do not count / my iniquities.</Stanza>
            <Stanza>For You have chosen the publican / and the adulteress you have saved / and the right-hand thief / my Lord You have remembered.</Stanza>
            <Stanza>And I too, / the sinner, / teach me O my Lord / to offer repentance.</Stanza>
            <Stanza>For You do not desire / the death of a sinner, / but rather that he returns / and that his soul may live.</Stanza>
            <Stanza>Restore us O God / to Your salvation / and deal with us / according to Your goodness.</Stanza>
            <Stanza>For You are good / and merciful, / let your compassions / speedily come to us.</Stanza>
            <Stanza>Have compassion upon us all / O Lord God our Savior, / and have mercy upon us / according to Your great mercy.</Stanza>
            <Stanza>Remember those, / O Christ our Master, / be among us / and proclaim and say:</Stanza>
            <Stanza>"My peace I / give to you: / the peace of My Father / I leave with you."</Stanza>
            <Stanza>O King of Peace, / grant us Your peace, / establish for us Your peace, / and forgive us our sins.</Stanza>
            <Stanza>Disperse the enemies / of the church / and fortify her / that she may not be shaken forever.</Stanza>
            <Stanza>Emmanuel our God / is now in our midst, / with the glory of His Father / and the Holy Spirit.</Stanza>
            <Stanza>May He bless us all / and purify our hearts / and heal the sicknesses / of our souls and bodies.</Stanza>
            <Stanza>We worship You, O Christ, / with Your good Father / and the Holy Spirit, / for You have come and saved us.</Stanza>
            <Stanza>Saved. Amen.</Stanza>
        </Translation>
        <Translation Language="Coptic" Title="Ⲧ&#x0300;ϧⲁⲉ&#x0300; ⲛ&#x0300;Ⲛⲓⲑⲉⲟ&#x0300;ⲧⲟⲕⲓⲁ ⲙ&#x0300;Ⲁⲇⲁⲙ" Font="CopticStandard">
            <Stanza>Ⲛⲉⲕⲛⲁⲓ ⲱ̀ Ⲡⲁⲛⲟⲩϯ: ϩⲁⲛⲁⲧϭⲓⲏ̀ⲡⲓ ⲙ̀ⲙⲱⲟⲩ: ⲥⲉⲟϣ ⲉ̀ⲙⲁϣⲱ: ⲛ̀ϫⲉ ⲛⲉⲕⲙⲉⲧϣⲉⲛϩⲏⲧ.</Stanza>
            <Stanza>Ⲛⲓⲧⲉⲗⲧⲓⲗⲓ ⲙ̀ⲙⲟⲩⲛϩⲱⲟⲩ: ⲥⲉⲏⲡ ⲛ̀ⲧⲟⲧⲕ ⲧⲏⲣⲟⲩ: ⲡⲓⲕⲉϣⲱ ⲛ̀ⲧⲉ ⲫ̀ⲓⲟⲙ: ⲥⲉⲭⲏ ⲛⲁϩⲣⲉⲛ ⲛⲉⲕⲃⲁⲗ.</Stanza>
            <Stanza>Ⲓⲉ ⲁⲩⲏⲣ ⲙⲁⲗⲗⲟⲛ: ⲛⲓⲛⲟⲃⲓ ⲛ̀ⲧⲉ ⲧⲁⲯⲩⲭⲏ: ⲛⲁⲓ ⲉⲑⲟⲩⲱⲛϩ ⲉ̀ⲃⲟⲗ: ⲙ̀ⲡⲉⲕⲙ̀ⲑⲟ Ⲡⲁϭⲟⲓⲥ.</Stanza>
            <Stanza>Ⲛⲓⲛⲟⲃⲓ ⲉ̀ⲧⲁⲓⲁⲧⲟⲩ: Ⲡⲁϭⲟⲓⲥ ⲛ̀ⲛⲉⲕⲉⲣⲡⲟⲩⲙⲉⲩⲓ̀: ⲟⲩⲇⲉ ⲙ̀ⲡⲉⲣϯϩ̀ⲑⲏⲕ: ⲉ̀ⲛⲁⲁ̀ⲛⲟⲙⲓⲁ.</Stanza>
            <Stanza>Ϫⲉ ⲡⲓⲧⲉⲗⲱⲛⲏⲥ ⲁⲕⲥⲟⲧⲡϥ: ϯⲡⲟⲣⲛⲏ ⲁⲕⲥⲱϯ ⲙ̀ⲙⲟⲥ: ⲡⲓⲥⲟⲛⲓ ⲉⲧⲥⲁⲟⲩⲓ̀ⲛⲁⲙ: Ⲡⲁϭⲟⲓⲥ ⲁⲕⲉⲣⲡⲉϥⲙⲉⲩⲓ̀.</Stanza>
            <Stanza>Ⲁ̀ⲛⲟⲕ ϩⲱ Ⲡⲁϭⲟⲓⲥ: ϧⲁ ⲡⲓⲣⲉϥⲉⲣⲛⲟⲃⲓ: ⲙⲁⲧ̀ⲥⲁⲃⲟⲓ ⲛ̀ⲧⲁⲓ̀ⲣⲓ: ⲛ̀ⲟⲩⲙⲉⲧⲁⲛⲟⲓⲁ.</Stanza>
            <Stanza>Ϫⲉ ⲭ̀ⲟⲩⲱϣ ⲙ̀ⲫ̀ⲙⲟⲩ ⲁⲛ: ⲙ̀ⲡⲓⲣⲉϥⲉⲣⲛⲟⲃⲓ: ⲙ̀ⲫ̀ⲣⲏϯ ⲛ̀ⲧⲉϥⲧⲁⲥⲑⲟϥ: ⲛ̀ⲧⲉⲥⲱⲛϧ ⲛ̀ϫⲉ ⲧⲉϥⲯⲩⲭⲏ. </Stanza>
            <Stanza>Ⲙⲁⲧⲁⲥⲑⲟⲛ Ⲫ̀ⲛⲟⲩϯ: ⲉ̀ϧⲟⲩⲛ ⲉ̀ⲡⲉⲕⲟⲩϫⲁⲓ: ⲁ̀ⲣⲓⲟⲩⲓ̀ ⲛⲉⲙⲁⲛ: ⲕⲁⲧⲁ ⲧⲉⲕⲙⲉⲧⲁ̀ⲅⲁⲑⲟⲥ.</Stanza>
            <Stanza>Ϫⲉ ⲛ̀ⲑⲟⲕ ⲟⲩⲁ̀ⲅⲁⲑⲟⲥ: ⲟⲩⲟϩ ⲛ̀ⲛⲁⲏⲧ: ⲙⲁⲣⲟⲩⲧⲁϩⲟⲛ ⲛ̀ⲭⲱⲗⲉⲙ: ⲛ̀ϫⲉ ⲛⲉⲕⲙⲉⲧϣⲉⲛϩⲏⲧ.</Stanza>
            <Stanza>Ϣⲉⲛϩⲏⲧ ϧⲁⲣⲟⲛ ⲧⲏⲣⲉⲛ: Ⲡ̀ϭⲟⲓⲥ Ⲫ̀ⲛⲟⲩϯ Ⲡⲉⲛⲥⲱⲧⲏⲣ: ⲟⲩⲟϩ ⲛⲁⲓ ⲛⲁⲛ: ⲕⲁⲧⲁ ⲡⲉⲕⲛⲓϣϯ ⲛ̀ⲛⲁⲓ.</Stanza>
            <Stanza>Ⲛⲁⲓ ⲕ̀ⲓ̀ⲣⲓ ⲙ̀ⲡⲟⲩⲙⲉⲩⲓ̀: ⲱ̀ Ⲡⲉⲛⲛⲏⲃ Ⲡⲓⲭ̀ⲣⲓⲥⲧⲟⲥ: ⲉⲕⲉ̀ϣⲱⲡⲓ ϧⲉⲛ ⲧⲉⲛⲙⲏϯ: ⲉⲕⲱϣ ⲉ̀ⲃⲟⲗ ⲉⲕϫⲱ ⲙ̀ⲙⲟⲥ.</Stanza>
            <Stanza>Ϫⲉ ⲧⲁϩⲓⲣⲏⲛⲏ ⲁ̀ⲛⲟⲕ: ϯϯ ⲙ̀ⲙⲟⲥ ⲛⲱⲧⲉⲛ: ⲧ̀ϩⲓⲣⲏⲛⲏ ⲙ̀Ⲡⲁⲓⲱⲧ: ϯⲭⲱ ⲙ̀ⲙⲟⲥ ⲛⲉⲙⲱⲧⲉⲛ.</Stanza>
            <Stanza>Ⲡ̀ⲟⲩⲣⲟ ⲛ̀ⲧⲉ ϯϩⲓⲣⲏⲛⲏ: ⲙⲟⲓ ⲛⲁⲛ ⲛ̀ⲧⲉⲕϩⲓⲣⲏⲛⲏ: ⲥⲉⲙⲛⲓ ⲛⲁⲛ ⲛ̀ⲧⲉⲕϩⲓⲣⲏⲛⲏ: ⲭⲁ ⲛⲉⲛⲛⲟⲃⲓ ⲛⲁⲛ ⲉ̀ⲃⲟⲗ.</Stanza>
            <Stanza>Ϫⲱⲣ ⲉ̀ⲃⲟⲗ ⲛ̀ⲛⲓϫⲁϫⲓ: ⲛ̀ⲧⲉ Ϯⲉⲕⲕⲗⲏⲥⲓⲁ: ⲁ̀ⲣⲓⲥⲟⲃⲧ ⲉ̀ⲣⲟⲥ: ⲛ̀ⲛⲉⲥⲕⲓⲙ ϣⲁ ⲉ̀ⲛⲉϩ.</Stanza>
            <Stanza>Ⲉⲙⲙⲁⲛⲟⲩⲏⲗ Ⲡⲉⲛⲛⲟⲩϯ: ϧⲉⲛ ⲧⲉⲛⲙⲏϯ ϯⲛⲟⲩ: ϧⲉⲛ ⲡ̀ⲱ̀ⲟⲩ ⲛ̀ⲧⲉ Ⲡⲉϥⲓⲱⲧ: ⲛⲉⲙ Ⲡⲓⲡ̀ⲛⲉⲩⲙⲁ ⲉⲑⲟⲩⲁⲃ.</Stanza>
            <Stanza>Ⲛ̀ⲧⲉϥⲥ̀ⲙⲟⲩ ⲉ̀ⲣⲟⲛ ⲧⲏⲣⲉⲛ: ⲛ̀ⲧⲉϥⲧⲟⲩⲃⲟ ⲛ̀ⲛⲉⲛϩⲏⲧ: ⲛ̀ⲧⲉϥⲧⲁⲗϭⲟ ⲛ̀ⲛⲓϣⲱⲛⲓ: ⲛ̀ⲧⲉ ⲛⲉⲛⲯⲩⲭⲏ ⲛⲉⲙ ⲛⲉⲛⲥⲱⲙⲁ.</Stanza>
            <Stanza>Ⲧⲉⲛⲟⲩⲱϣⲧ ⲙ̀ⲙⲟⲕ ⲱ̀ Ⲡⲓⲭ̀ⲣⲓⲥⲧⲟⲥ: ⲛⲉⲙ Ⲡⲉⲕⲓⲱⲧ ⲛ̀ⲁ̀ⲅⲁⲑⲟⲥ: ⲛⲉⲙ Ⲡⲓⲡ̀ⲛⲉⲩⲙⲁ ⲉⲑⲟⲩⲁⲃ: ϫⲉ ⲁⲕⲓ̀ ⲁⲕⲥⲱϯ ⲙ̀ⲙⲟⲛ.</Stanza>
            <Stanza>Ⲥⲱⲑⲓⲥ ⲁ̀ⲙⲏⲛ.</Stanza>
        </Translation>
    </Translations>
</Document>