<?xml version="1.0" encoding="utf-16"?>
<Document>
    <Name>The Conclusion of the Adam Theotokia</Name>
    <Uuid>urn:suscopts:adam-theotokia-conclusion</Uuid>
    <Translations>
        <Translation Language="English" Title="The Conclusion of the Adam Theotokias">
            <Stanza>O our Lord Jesus Christ, / who carries the sin of the world, / count us with Your sheep / who shall stand upon Your right.</Stanza>
            <Stanza>And in Your awesome / Second Coming may we never / hear with trembling, / "I do not know you."</Stanza>
            <Stanza>Rather may we be worthy / to hear Your tender voice / which is full of joy / proclaiming and saying:</Stanza>
            <Stanza>"Come unto Me, / O blessed of My Father, / and inherit the life / that endures forever."</Stanza>
            <Stanza>All the martyrs shall come / bearing their afflictions / and the righteous shall come / bearing all their virtues.</Stanza>
            <Stanza>The Son of God shall also come / in His and His Father's glory / to reward everyone / according to his works.</Stanza>
            <Stanza>O Christ the Logos of the Father, / the only-begotten God, / grant us Your peace / which is full of every joy.</Stanza>
            <Stanza>As You have given / to Your holy apostles, / likewise say unto us, / "My peace I give to You.</Stanza>
            <Stanza>"My peace which I have / taken from My Father, / I leave unto you / from now and forever."</Stanza>
            <Stanza>O angel of this night / flying up to the heights with this hymn, / remember us before the Lord / that He may forgive us our sins.</Stanza>
            <Stanza>The sick O Lord heal them; / those who slept, repose them; / and all our brethern in distress, / help us, my Lord, and all of them.</Stanza>
            <Stanza>May God bless us / and let us bless His holy name / and may His praise / be always on our lips.</Stanza>
            <Stanza>Blessed be the Father and the Son / and the Holy Spirit, / the perfect Trinity, / we worship Him and glorify Him.</Stanza>
        </Translation>
        <Translation Language="Coptic" Title="Ⲧ&#x0300;ϧⲁⲉ&#x0300; ⲛ&#x0300;Ⲛⲓⲑⲉⲟ&#x0300;ⲧⲟⲕⲓⲁ ⲙ&#x0300;Ⲁⲇⲁⲙ" Font="CopticStandard">
            <Stanza>`W Pen[oic Iycouc Pi`,rictoc@ vyet`wli `m`vnobi `mpikocmoc@ opten hwn nem nekhiyb@ nai etcaou`inam `mmok.</Stanza>
            <Stanza>Aksan`i qen tekmah`cnou]@ `mparoucia etoi `nho]@ `mpen`;rencwtem qen ou`c;erter@ je ]cwoun `mmwten an.</Stanza>
            <Stanza>Alla marener`pem`psa `ncwtem@ `e]`cmy e;meh `nrasi@ `nte nekmetsana`h;yf@ ecws `ebol ecjw `mmoc.</Stanza>
            <Stanza>Je `amwini haroi@ nyet`cmarwout `nte Paiwt@ `ari`klyronomin `mpiwnq@ e;myn `ebol sa `eneh.</Stanza>
            <Stanza>Cena`i `nje nimarturoc@ eufai qa noubacanoc@ cena`i `nje nidikeoc@ eufai qa noupolytia.</Stanza>
            <Stanza>`Fna`i `nje `Psyri `m`Vnou]@ qen pef`wou nem va Pefiwt@ `fna] `mpiouai piouai@ kata nef`hbyou`i `etafaitou.</Stanza>
            <Stanza>Pi`,rictoc Pilogoc `nte `Viwt@ pimonogenyc `nNou]@ ek`e] nan `ntekhiryny@ ;ai e;meh `nrasi niben.</Stanza>
            <Stanza>Kata `vry] `etaktyic@ `nnek`agioc `n`apoctoloc@ ek`ejoc nan `mpoury]@ je tahiryny ]] `mmoc nwten.</Stanza>
            <Stanza>Tahiryny `anok@ ;y`etai[itc hiten Paiwt@ `anok ],w `mmoc nemwten@ icjen ]nou nem sa `eneh.</Stanza>
            <Stanza>Piaggeloc `nte pai`ehoou@ ethyl `e`p[ici nem paihumnoc@ `aripenmeui qa `thy `m`P[oic@ `ntef,a nennobi nan `ebol.</Stanza>
            <Stanza>Nyetswni matal[wou@ ny`etauenkot `P[oic ma`mton nwou@ nen`cnyou et,y qen hojhej niben@ Pa[oic `aribo`y;in `eron nemwou.</Stanza>
            <Stanza>Ef`e`cmou `eron `nje `Vnou]@ tenna`cmou `epefran e;ouab@ `ncyou niben `ere pef`cmou@ naswpi efmyn `ebol qen rwn.</Stanza>
            <Stanza>Je `f`cmarwout `nje `Viwt nem `Psyri@ nem Pi`pneuma E;ouab@ \}`triac etjyk `ebol@ tenouwst `mmoc ten]`wou nac.</Stanza>
        </Translation>
        <Translation Language="Arabic" Title="ختام الثيؤطوكيات الواطس">
            <Stanza>يا ربنا يسوع المسيح، حامل خطية العالم، أحسبنا مع خرافك، الذين عن يمينِك.</Stanza>
            <Stanza>عند ظهورِك الثاني، المخوف لا نسمع، برعدةٍ "أنَّنِي، لَستُ أعرفكم."</Stanza>
            <Stanza>بَل نكون مُستحقين، لسماع صوتك الحنون، المُمْتلئ فرحاً، يصرخ قائلاً.</Stanza>
            <Stanza>"تعالوا إليَّ، يا مُبارَكي أبي، رثوا الحياة، الدائمة إلى الأبد."</Stanza>
            <Stanza>يأتي الشهداء، حاملين عذاباتهم، ويأتي الصدِّيقون، حاملين فضائلهم.</Stanza>
            <Stanza>يأتي إبن الله، في مجده ومجد أبيه، ويُجازي كل واحدٍ، كأعماله التي عملها.</Stanza>
            <Stanza>أيها المسيح كلمة الآب، الإله الوحيد الجنس، أعطنا سلامك، المملوء فرحاً.</Stanza>
            <Stanza>كما أعطيته، لرُسُلِكَ القديسين، قُلْ لنا مِثلهم، "إنِّي أعطيكم سلامي.</Stanza>
            <Stanza>سلامي أنا، الذي أخذته من أبي، أنا أتركه معكم، من الأن وإلى الأبد."</Stanza>
            <Stanza>يا ملاك هذا اليوم الطائر، إلى العلو بهذه التسبحة، أُذكرنا أمام الرب، ليغفر لنا خطايانا.</Stanza>
            <Stanza>المرضى أشفهم، الذين رقدوا يا رب نَيِّحهم، وأخواتنا الذين في كل شدة، يا ربي أعنا وإيَّاهم.</Stanza>
            <Stanza>يُبارِكنا الله، ولنُبارِك إسمه القدوس، في كل حين تسبحته، دائمة في أفواهنا.</Stanza>
            <Stanza>مُبارَك الآب والإبن، والرُّوح القُدُس، الثالوث الكامل، نسجد له ونُمجِّدهُ.</Stanza>
        </Translation>
    </Translations>
</Document>