<?xml version="1.0" encoding="utf-8"?>
<Document xmlns:xsi="http://www.w3.org/2001/XMLSchema-instance" xmlns:xsd="http://www.w3.org/2001/XMLSchema">
    <Name>Palm Sunday Matins Psalm Response</Name>
    <Key>urn:suscopts:psalm-response:matins:palm-sunday</Key>
    <Translations>
        <Translation Title="Response to the Palm Sunday Matins Psalm" Language="English">
            <Stanza>\abv{Al}, \abv{Al}. \def{PsalmResponseEx} \abv{Al}, \abv{Al}.</Stanza>
        </Translation>
        <Translation Title="" Language="Coptic">
            <Stanza>\abv{Al}, \abv{Al}. \def{PsalmResponseEx} \abv{Al}, \abv{Al}.</Stanza>
        </Translation>
    </Translations>
</Document>