<?xml version="1.0" encoding="utf-8"?>
<Document>
    <Name>Concluding Hymn [Palm Sunday]</Name>
    <Key>urn:suscopts:concluding-hymn:hosanna</Key>
    <Translations>
        <Translation Language="English" Title="Concluding Hymn">
            <Stanza>Amen. Alleluia. Glory to the Father and to the Son and to the Holy Spirit.</Stanza>
            <Stanza>Now and ever and unto the ages of the ages. Amen.</Stanza>
            <Stanza>We proclaim and say, O our Lord Jesus Christ,</Stanza>
            <Reference>Proclamation</Reference>
            <Stanza>Save us and have mercy on us.</Stanza>
            <Stanza>Lord have mercy. Lord have mercy. Lord bless us. Amen. Bless me. Bless me. Lo, the repentance. Forgive me. Say the blessing.</Stanza>

            <Comment Type="Role">Priest</Comment>
            <Stanza>O Christ our God--</Stanza>
            <Comment Type="Role">People</Comment>
            <Stanza>Amen. So be it.</Stanza>
        </Translation>

        <Translation Title="Ⲡⲓϩⲩⲙⲛⲟⲥ ⲛ̀Ⲧ̀ϧⲁⲉ" Language="Coptic">
            <Stanza>Ⲁⲙⲏⲛ: ⲁⲗⲗⲏⲗⲟⲩⲓⲁ. Ⲇⲟⲝⲁ Ⲡⲁⲧⲣⲓ ⲕⲉ Ⲩ&#x0300;ⲓⲱ ⲕⲉ ⲁ&#x0300;ⲅⲓⲱ Ⲡ&#x0300;ⲛⲉⲩⲙⲁⲧⲓ:</Stanza>
            <Stanza>Ⲕⲉ ⲛⲩⲛ ⲕⲉ ⲁ&#x0300;ⲓ&#x0300; ⲕⲉ ⲓⲥ ⲧⲟⲩⲥ ⲉ&#x0300;ⲱ&#x0300;ⲛⲁⲥ ⲧⲱⲛ ⲉ&#x0300;ⲱ&#x0300;ⲛⲱⲛ: ⲁ&#x0300;ⲙⲏⲛ.</Stanza>
            <Stanza>Ⲧⲉⲛⲱϣ ⲉ&#x0300;ⲃⲟⲗ ⲉⲛϫⲱ ⲙ&#x0300;ⲙⲟⲥ: ϫⲉ ⲱ&#x0300; Ⲡⲉⲛϭⲟⲓⲥ Ⲓⲏⲥⲟⲩⲥ Ⲡⲓⲭ&#x0300;ⲣⲓⲥⲧⲟⲥ.</Stanza>
            <Reference>Proclamation</Reference>
            <Stanza>ⲥⲱϯ ⲙ&#x0300;ⲙⲟⲛ ⲟⲩⲟϩ ⲛⲁⲓ ⲛⲁⲛ:</Stanza>
            <Stanza>Ⲕⲩⲣⲓⲉ ⲉ&#x0300;ⲗⲉⲏⲥⲟⲛ: Ⲕⲩⲣⲓⲉ ⲉ&#x0300;ⲗⲉⲏⲥⲟⲛ: Ⲕⲩⲣⲓⲉ ⲉⲩⲗⲟⲅⲏⲥⲟⲛ: ⲁ&#x0300;ⲙⲏⲛ. Ⲥ&#x0300;ⲙⲟⲩ ⲉ&#x0300;ⲣⲟⲓ: ⲥ&#x0300;ⲙⲟⲩ ⲉ&#x0300;ⲣⲟⲓ ⲓⲥ ϯⲙⲉⲧⲁⲛⲟⲓⲁ: ⲭⲱ ⲛⲏⲓ ⲉ&#x0300;ⲃⲟⲗ: ϫⲱ ⲙ&#x0300;ⲡⲓⲥ&#x0300;ⲙⲟⲩ.</Stanza>

            <Comment Type="Role">Priest</Comment>
            <Stanza>Ⲡⲓⲭ&#x0300;ⲣⲓⲥⲧⲟⲥ Ⲡⲉⲛⲛⲟⲩϯ.</Stanza>
            <Comment Type="Role">People</Comment>
            <Stanza>Ⲁⲙⲏⲛ ⲉⲥⲉ&#x0300;ϣⲱⲡⲓ.</Stanza>
        </Translation>

        <!-- <Translation Title="الختام" Language="Arabic">
            <Stanza>آمين، هلليلويا. المجد للآب والإبن والروح القدس،.</Stanza>
            <Stanza>الآن وكل أوان وإلى دهر الدهور، آمين.</Stanza>
            <Stanza>نصرخ قائلين: "يا ربنا يسوع المسيح</Stanza>
            <Reference>Proclamation</Reference>
            <Stanza/>
            <Stanza>خلصنا وإرحمنا."</Stanza>
            <Stanza>يا ربُّ إرحَم، يا ربُّ إرحَم، يا رب بارك آمين. باركوا عليَّ، باركوا عليَّ، ها مطانية، إغفروا لي، قُل البركة.</Stanza>

            <Stanza Role="Priest">أيها المسيحُ إلهُنا.</Stanza>
            <Stanza Role="People">آمين يكونُ.</Stanza>
        </Translation> -->
    </Translations>

    <Definitions>
        <Translations Key="Proclamation">
            <Run Language="English">The Son of God, entered into Jerusalem.</Run>
            <Run Language="Coptic">Ⲡ̀ϣⲏⲣⲓ ⲙ̀Ⲫ̀ⲛⲟⲩϯ: ⲁϥϣⲉ ⲉ̀ϧⲟⲩⲛ ⲉ̀Ⲓⲉⲣⲟⲩⲥⲁⲗⲏⲙ:</Run>
        </Translations>
    </Definitions>

</Document>
