<?xml version="1.0" encoding="utf-8"?>
<Document xmlns:xsi="http://www.w3.org/2001/XMLSchema-instance" xmlns:xsd="http://www.w3.org/2001/XMLSchema">
    <Name>Palm Sunday Matins Gospel Response</Name>
    <Key>urn:suscopts:hymn-of-joy</Key>
    <Translations>
        <Translation Title="Hymn of Joy" Language="English">
            <Stanza>O King of Peace, / grant us Your peace, / establish for us Your peace, / and forgive us our sins.</Stanza>
            <Stanza>Disperse the enemies / of the church / and fortify her / that she may not be shaken forever.</Stanza>
            <Stanza>Emmanuel our God / is now in our midst, / with the glory of His Father / and the Holy Spirit.</Stanza>
            <Stanza>May He bless us all / and purify our hearts / and heal the sicknesses / of our souls and bodies.</Stanza>
            <Stanza>We worship You, O Christ, / with Your good Father / and the Holy Spirit, / for You have come and saved us.</Stanza>
        </Translation>
        <Translation Title="Ⲡⲓϩⲩⲙⲛⲟⲥ ⲛ̀Ⲣⲁϣⲓ" Language="Coptic">
            <Stanza>Ⲡ̀ⲟⲩⲣⲟ ⲛ̀ⲧⲉ ϯϩⲓⲣⲏⲛⲏ: ⲙⲟⲓ ⲛⲁⲛ ⲛ̀ⲧⲉⲕϩⲓⲣⲏⲛⲏ: ⲥⲉⲙⲛⲓ ⲛⲁⲛ ⲛ̀ⲧⲉⲕϩⲓⲣⲏⲛⲏ: ⲭⲁ ⲛⲉⲛⲛⲟⲃⲓ ⲛⲁⲛ ⲉ̀ⲃⲟⲗ.</Stanza>
            <Stanza>Ϫⲱⲣ ⲉ̀ⲃⲟⲗ ⲛ̀ⲛⲓϫⲁϫⲓ: ⲛ̀ⲧⲉ Ϯⲉⲕⲕⲗⲏⲥⲓⲁ: ⲁ̀ⲣⲓⲥⲟⲃⲧ ⲉ̀ⲣⲟⲥ: ⲛ̀ⲛⲉⲥⲕⲓⲙ ϣⲁ ⲉ̀ⲛⲉϩ.</Stanza>
            <Stanza>Ⲉⲙⲙⲁⲛⲟⲩⲏⲗ Ⲡⲉⲛⲛⲟⲩϯ: ϧⲉⲛ ⲧⲉⲛⲙⲏϯ ϯⲛⲟⲩ: ϧⲉⲛ ⲡ̀ⲱ̀ⲟⲩ ⲛ̀ⲧⲉ Ⲡⲉϥⲓⲱⲧ: ⲛⲉⲙ Ⲡⲓⲡ̀ⲛⲉⲩⲙⲁ ⲉⲑⲟⲩⲁⲃ.</Stanza>
            <Stanza>Ⲛ̀ⲧⲉϥⲥ̀ⲙⲟⲩ ⲉ̀ⲣⲟⲛ ⲧⲏⲣⲉⲛ: ⲛ̀ⲧⲉϥⲧⲟⲩⲃⲟ ⲛ̀ⲛⲉⲛϩⲏⲧ: ⲛ̀ⲧⲉϥⲧⲁⲗϭⲟ ⲛ̀ⲛⲓϣⲱⲛⲓ: ⲛ̀ⲧⲉ ⲛⲉⲛⲯⲩⲭⲏ ⲛⲉⲙ ⲛⲉⲛⲥⲱⲙⲁ.</Stanza>
            <Stanza>Ⲧⲉⲛⲟⲩⲱϣⲧ ⲙ̀ⲙⲟⲕ ⲱ̀ Ⲡⲓⲭ̀ⲣⲓⲥⲧⲟⲥ: ⲛⲉⲙ Ⲡⲉⲕⲓⲱⲧ ⲛ̀ⲁ̀ⲅⲁⲑⲟⲥ: ⲛⲉⲙ Ⲡⲓⲡ̀ⲛⲉⲩⲙⲁ ⲉⲑⲟⲩⲁⲃ: ϫⲉ ⲁⲕⲓ̀ ⲁⲕⲥⲱϯ ⲙ̀ⲙⲟⲛ.</Stanza>
        </Translation>
        <!-- <Translation Title="" Language="Arabic">

        </Translation> -->
    </Translations>
</Document>