<?xml version="1.0" encoding="utf-8"?>
<Document>
    <Name>Hymn of the Intercessions</Name>
    <Key>urn:tasbehaorg-cr:210</Key>
    <Translations>
        <Translation Language="English" Title="Hymn of the Intercessions">
            <Stanza>Through the intercessions, of the Theotokos Saint Mary, \def{Refrain}</Stanza>
            <Stanza>Through the intercessions, of the holy archangel, Michael the head of the heavenly, \def{Refrain}</Stanza>
            <Stanza>Through the intercessions, of the seven archangels, and the heavenly orders, \def{Refrain}</Stanza>
            <Stanza>Through the intercessions, of the forerunner and baptizer, John the Baptist, \def{Refrain}</Stanza>
            <Stanza>Through the prayers, of my lords and fathers, the apostles, and the rest of the disciples, \def{Refrain}</Stanza>
            <Stanza>Through the prayers, of the Beholder of God, the Evangelist, Mark the apostle, \def{Refrain}</Stanza>
            <Stanza>Through the prayers, of the blessed archdeacon, Stephen the first martyr, \def{Refrain}</Stanza>
            <Stanza>Through the prayers, of the victorious martyr, my lord prince George, \def{Refrain}</Stanza>
            <Stanza>Through the prayers, of the victorious martyr, Theodorus the general, \def{Refrain}</Stanza>
            <Stanza>Through the prayers, of the victorious martyr, Philopater Mercurius, \def{Refrain}</Stanza>
            <Stanza>Through the prayers, of the victorious martyr, Abba Mena of Bayad, \def{Refrain}</Stanza>
            <Stanza>Through the prayers, of the victorious martyr, Abba Eskhyron of Callin, \def{Refrain}</Stanza>
            <Stanza>Through the prayers, of the saints of this day, each one according to their names, \def{Refrain}</Stanza>
            <Stanza>Through their prayers, keep the life of our honored father, the archpriest, Pope Abba \def{PopeName}, \def{Refrain}</Stanza>
            <Stanza>We worship You O Christ, with Your good Father, and the Holy Spirit, for you have come and saved us. Have mercy on us.</Stanza>
        </Translation>
        <Translation Title="Ⲡⲓϩⲩⲙⲛⲟⲥ ⲛ̀ⲧⲉ Ⲛⲓⲡ&#x0300;ⲣⲉⲥⲃⲓⲁ&#x0300;" Key="CopticTranslation" Language="Coptic" Font="CopticStandard">
            <Stanza>Hiten ni`precbia@ `nte ];e`otokoc \abv{ethu} Maria@ \def{Refrain}</Stanza>
            <Stanza>Hiten ni`precbia@ `nte `pi`ar,y`aggeloc \abv{ethu}@ Mi,ayl `p`ar,wn `nna nivyou`i@ \def{Refrain}</Stanza>
            <Stanza>Hiten ni`precbia@ `nte pisasf `n`ar,y`aggeloc@ nem nitagma  `n`epouranion@ \def{Refrain}</Stanza>
            <Stanza>Hiten ni`precbia@ `nte pi`prodromoc `mbaptictyc@ Iwannyc piref]wmc@ \def{Refrain}</Stanza>
            <Stanza>Hiten ni`eu,y@ `nte na\abv{oc} `nio] `n`apoctoloc@ nem `pcepi `nte nima;ytyc@ \def{Refrain}</Stanza>
            <Stanza>Hiten ni`eu,y@ `nte pi;e`wrimoc `n`eu`aggelictyc@ Markoc pi`apoctoloc@ \def{Refrain}</Stanza>
            <Stanza>Hiten ni`eu,y@ `nte pi`ar,ydiakwn `et`cmarwout@ `Ctevanoc pisorp \abv{mr}@ \def{Refrain}</Stanza>
            <Stanza>Hiten ni`eu,y@ `nte pi`a;lovoroc \abv{mr}@ pa\abv{oc} `pouro Ge`wrgioc@ \def{Refrain}</Stanza>
            <Stanza>Hiten ni`eu,y@ `nte pi`a;lovoroc \abv{mr}@ :e`odwroc pi`c`tratilatyc@ \def{Refrain}</Stanza>
            <Stanza>Hiten ni`eu,y@ `nte pi`a;lovoroc \abv{mr}@ Vilopatyr Merkourioc@ \def{Refrain}</Stanza>
            <Stanza>Hiten ni`eu,y@ `nte pi`a;lovoroc \abv{mr}@ abba Myna `nte niVaiat@ \def{Refrain}</Stanza>
            <Stanza>Hiten ni`eu,y@ `nte pi`a;lovoroc \abv{mr}@ `apa Ic,uron `nremKallin@ \def{Refrain}</Stanza>
            <Stanza>Hiten ni`eu,y@ `nte ny\abv{ethu} `nte pai`ehoou@ piouai piouai kata pefran@ \def{Refrain}</Stanza>
            <Stanza>Hiten nou`eu,y@ `areh `e`pwnq `mpeniwt ettaiyout `n`ar,y`ereuc@ papa abba \def{PopeName}@ \def{Refrain}</Stanza>
            <Stanza>Tenouwst `mmok `w \abv{Pxc}@ nem Pekiwt `n`aga;oc@ nem Pi\abv{pna} \abv{ethu}@ je ak`i akcw] `mmon nai nan.</Stanza>
        </Translation>
        <Translation Title="الهيتينيات" Language="Arabic">
            <Stanza>بشفاعات والدة الإله القديسة مريم, \def{Refrain}</Stanza>
            <Stanza>بشفاعات رئيس الملائكة الطاهر ميخائيل رئيس السمائين, \def{Refrain}</Stanza>
            <Stanza>بشفاعات رؤسات الملائكة السبعة و الطغمات السمائية, \def{Refrain}</Stanza>
            <Stanza>بشفاعات السابق الصابغ يوحنا المعمدان, \def{Refrain}</Stanza>
            <Stanza>بصلوات سادتي الآباء الرسل و بقية التلاميذ, \def{Refrain}</Stanza>
            <Stanza>بصلوات ناظر الإله الإنجيلي مرقص الرسول, \def{Refrain}</Stanza>
            <Stanza>بصلوات رئيس الشمامسة المبارك اسطفانوس أول الشهداء, \def{Refrain}</Stanza>
            <Stanza>بصلوات المجاهد الشهيد سيدي الملك جيؤرجيوس, \def{Refrain}</Stanza>
            <Stanza>بصلوات المجاهد الشهيد تيؤدوروس اللسفهسلار, \def{Refrain}</Stanza>
            <Stanza>بصلوات المجاهد الشهيد مرقوريوس محب الآب, \def{Refrain}</Stanza>
            <Stanza>بصلوات المجاهد الشهيد ابا مينا البياضي, \def{Refrain}</Stanza>
            <Stanza>بصلواتِ المجاهدِ الشهيدِ ابا اسخيرون القليني, \def{Refrain}</Stanza>
            <Stanza>بصلوات قديسي هذا اليوم  كل واحد باسمه, \def{Refrain}</Stanza>
            <Stanza>بصلوات إحفظ حياة أبينا المكرم رئيس الكهنة  البابا الانبا \def{PopeName}, \def{Refrain}</Stanza>
            <Stanza>نسجد لك ايها المسيح، مع أبيك الصالح والروح القدس، لأنك (قمت/اتيت) وخلصتنا. إرحمنا. </Stanza>
        </Translation>
    </Translations>

    <Definitions>
        <Translations Key="Refrain">
            <Stanza Language="English">O Lord, grant us the forgiveness of our sins.</Stanza>
            <Stanza Language="Coptic" Font="CopticStandard">\abv{Poc} ari`hmot nan `mpi,w `ebol `nte nennobi.</Stanza>
            <Stanza Language="Arabic">ياربُّ أنعم علينا بمغفرة خطايانا.</Stanza>
        </Translations>
    </Definitions>
</Document>