<?xml version="1.0" encoding="utf-8"?>
<Document xmlns:xsi="http://www.w3.org/2001/XMLSchema-instance" xmlns:xsd="http://www.w3.org/2001/XMLSchema">
    <Name>Paralex for Palm Sunday</Name>
    <Key>urn:suscopts:paralex:palm-sunday</Key>
    <Translations>
        <Translation Title="Paralex for Palm Sunday" Language="English">
            <Stanza>Our Lord Jesus Christ, / according to this day, / entered into Jerusalem / riding on a donkey.</Stanza>
            <Stanza>He who sits upon the Cherbim, / riding on a colt / entered into Jerusalem; / What is this great humility!</Stanza>
            <Stanza>They praise Him wth alertness / saying, "This is Emmanuel: / Hosanna in the highest, / this is the King of Israel."</Stanza>
            <Stanza>Let us say with David the chanter, / "Blessed is He who comes / in the name of the Good Lord / from now and till the end of times."</Stanza>
            <Stanza>The Cherubim and the Seraphim, / the angels and the archangels, / the principalities and the authorities, / the thrones, the dominions, and the powers,</Stanza>
            <Stanza>Proclaiming and saying: / "Glory to God in the highest, / peace on earth / and goodwill toward men."</Stanza>
        </Translation>

        <Translation Title="Ⲡⲓⲡⲁⲣⲁⲗⲉⲝ ⲛ&#x0300;ⲧⲉ Ⲱ&#x0300;ⲥⲁⲛⲛⲁ Ϯⲕⲩⲣⲓⲁⲕⲏ" Language="Coptic">
            <Stanza>Ⲁ̀ Ⲡⲉⲛϭⲟⲓⲥ Ⲓⲏⲥⲟⲩⲥ Ⲡⲓⲭ̀ⲣⲓⲥⲧⲟⲥ: ⲕⲁⲧⲁ ⲫ̀ⲣⲏϯ ⲙ̀ⲡⲁⲓⲉ̀ϩⲟⲟⲩ: ⲁϥⲓ̀ ⲉ̀ϧⲟⲩⲛ ⲉ̀Ⲓⲉⲣⲟⲩⲥⲁⲗⲏⲙ: ⲉϥⲧⲁⲗⲏⲟⲩⲧ ⲉ̀ⲟⲩⲉ̀ⲱ̀.</Stanza>
            <Stanza>Ⲫⲏⲉⲧϩⲉⲙⲥⲓ ϩⲓϫⲉⲛ Ⲛⲓⲭⲉⲣⲟⲩⲃⲓⲙ: ⲉϥⲧⲁⲗⲏⲟⲩⲧ ⲉ̀ⲟⲩⲉ̀ⲱ̀: ⲁϥϣⲉ ⲉ̀ϧⲟⲩⲛ ⲉ̀Ⲓⲉⲣⲟⲩⲥⲁⲗⲏⲙ: ⲟⲩ ⲡⲉ ⲡⲁⲓⲛⲓϣϯ ⲛ̀ⲑⲉⲃⲓⲟ.</Stanza>
            <Stanza>Ⲥⲉϩⲱⲥ ⲉ̀ⲣⲟϥ ϧⲉⲛ ⲟⲩⲛⲉϩⲥⲓ: ⲁⲩϫⲉ ⲫⲁⲓ ⲡⲉ Ⲉⲙⲙⲁⲛⲟⲩⲏⲗ: ⲱ̀ⲥⲁⲛⲛⲁ ϧⲉⲛ ⲛⲏⲉⲧϭⲟⲥⲓ: ⲫⲁⲓ ⲡⲉ Ⲡ̀ⲟⲩⲣⲟ ⲙ̀Ⲡⲓⲥⲣⲁⲏⲗ.</Stanza>
            <Stanza>Ⲙⲁⲣⲉⲛϫⲟⲥ ⲛⲉⲙ Ⲇⲁⲩⲓⲇ ⲡⲓϩⲩⲙⲛⲟⲇⲟⲥ: ϫⲉ ϥ̀ⲥ̀ⲙⲁⲣⲱⲟⲩⲧ ⲛ̀ϫⲉ ⲫⲏⲉⲑⲛⲏⲟⲩ: ϧⲉⲛ ⲫ̀ⲣⲁⲛ ⲙ̀Ⲡ̀ϭⲟⲓⲥ Ⲡⲓⲁ̀ⲅⲁⲑⲟⲥ: ⲓⲥϫⲉⲛ ϯⲛⲟⲩ ϣⲁ ⲧ̀ϧⲁⲉ̀ ⲛ̀ⲛⲓⲥⲏⲟⲩ.</Stanza>
            <Stanza>Ⲛⲓⲭⲉⲣⲟⲩⲃⲓⲙ ⲛⲉⲙ Ⲛⲓⲥⲉⲣⲁⲫⲓⲙ: ⲛⲓⲁⲅⲅⲉⲗⲟⲥ ⲛⲉⲙ ⲛⲓⲁⲣⲭⲏⲁⲅⲅⲉⲗⲟⲥ: ⲛⲓⲥ̀ⲧⲣⲁⲧⲓⲁ ⲛⲉⲙ ⲛⲓⲉⲝⲟⲩⲥⲓⲁ: ⲛⲓⲑ̀ⲣⲟⲛⲟⲥ ⲛⲓⲙⲉⲧϭⲟⲓⲥ ⲛⲓϫⲟⲙ.</Stanza>
            <Stanza>Ⲉⲩⲱϣ ⲉ̀ⲃⲟⲗ ⲉⲩϫⲟ ⲙ̀ⲙⲟⲥ: ϫⲉ ⲟⲩⲱ̀ⲟⲩ ⲙ̀Ⲫ̀ⲛⲟⲩϯ ϧⲉⲛ ⲛⲏⲉⲧϭⲟⲥⲓ: ⲛⲉⲙ ⲟⲩϩⲓⲣⲏⲛⲏ ϩⲓϫⲉⲛ ⲡⲓⲕⲁϩⲓ: ⲛⲉⲙ ⲟⲩϯⲙⲁϯ ϧⲉⲛ ⲛⲓⲣⲱⲙⲓ.</Stanza>
        </Translation>
    </Translations>
</Document>