<?xml version="1.0" encoding="utf-8"?>
<Document xmlns:xsi="http://www.w3.org/2001/XMLSchema-instance" xmlns:xsd="http://www.w3.org/2001/XMLSchema">
    <Name>Trisagion</Name>
    <Key>urn:suscopts:trisagion</Key>
    <Translations>
        <Translation Title="The Hymn of the Trisagion" Language="English">
            <Comment Type="Tune">Festive</Comment>
            <Stanza>\def{ThriceHoly}, who was born of the Virgin, \def{HaveMercy}.</Stanza>
            <Stanza>\def{ThriceHoly}, who was crucified for us, \def{HaveMercy}.</Stanza>
            <Stanza>\def{ThriceHoly}, who was rose from the dead and ascended into the heavens, \def{HaveMercy}.</Stanza>
            <Stanza>Glory to the Father and to the Son and to the Holy Spirit, now and ever and unto the ages of the ages. Amen. O Holy Trinity, \def{HaveMercy}.</Stanza>
        </Translation>

        <Translation Title="Ⲧⲣⲓⲥⲁ&#x0300;ⲅⲓⲟⲛ" Language="Coptic">
            <Comment Type="Tune">Ⲙⲉⲧϣⲁⲓ</Comment>
            <Stanza>\def{ThriceHoly}: ⲟ̀ ⲉⲕ Ⲡⲁⲣⲑⲉⲛⲟⲩ ⲅⲉⲛⲛⲉⲑⲏⲥ: \def{HaveMercy}.</Stanza>
            <Stanza>\def{ThriceHoly}: ⲟ̀ ⲥ̀ⲧⲁⲩⲣⲱⲑⲓⲥ ⲇⲓ ⲏ̀ⲙⲁⲥ: \def{HaveMercy}.</Stanza>
            <Stanza>\def{ThriceHoly}: ⲟ̀ ⲁ̀ⲛⲁⲥⲧⲁⲥ ⲉⲕ ⲧⲱⲛ ⲛⲉⲕⲣⲱⲛ ⲕⲉ ⲁ̀ⲛⲉⲗⲑⲱⲛ ⲓⲥ ⲧⲟⲩⲥ ⲟⲩⲣⲁⲛⲟⲥ: \def{HaveMercy}.</Stanza>
            <Stanza>Ⲇⲟⲝⲁ Ⲡⲁⲧⲣⲓ ⲕⲉ Ⲩ̀ⲓⲱ ⲕⲉ Ⲁ̀ⲅⲓⲱ Ⲡ̀ⲛⲉⲩⲙⲁⲧⲓ: ⲕⲉ ⲛⲩⲛ ⲕⲉ ⲁ̀ⲓ̀ ⲕⲉ ⲓⲥ ⲧⲟⲩⲥ ⲉ̀ⲱ̀ⲛⲁⲥ ⲧⲱⲛ ⲉ̀ⲱ̀ⲛⲱⲛ. Ⲁ̀ⲙⲏⲛ. Ⲁ̀ⲅⲓⲁ Ⲧ̀ⲣⲓⲁⲥ: \def{HaveMercy}.</Stanza>
        </Translation>

        <Translation Title="Τρισάγιον" Language="Greek">
            <Comment Type="Tune">Γιορτινός</Comment>
            <Stanza>\def{ThriceHoly}: ὁ ἐκ Παρθένου γεννηθείς: \def{HaveMercy}.</Stanza>
            <Stanza>\def{ThriceHoly}: ὁ σταυρωθης δι ἡμᾶς: \def{HaveMercy}.</Stanza>
            <Stanza>\def{ThriceHoly}: ὁ ἀναστάς ἐκ των νεκρῶν κε ανελθων ις τους ουρανός: \def{HaveMercy}.</Stanza>
            <Stanza>Δόξα Πατρὶ καὶ Υἱῷ καὶ Ἁγίῳ Πνεύματι: καὶ νῦν καὶ ἀεὶ καὶ εἰς τοὺς: αἰῶνας τῶν αἰώνων. Ἀμήν. Ἅγια Τρῐᾰ́ς: \def{HaveMercy}.</Stanza>
        </Translation>
    </Translations>

    <Definitions>
        <Translations Key="ThriceHoly">
            <Run Language="English">Holy God, Holy Mighty, Holy Immortal</Run>
            <Run Language="Coptic">Ⲁ̀ⲅⲓⲟⲥ ⲟ̀ Ⲑⲉⲟⲥ: ⲁ̀ⲅⲓⲟⲥ Ⲓⲥⲭⲩⲣⲟⲥ: ⲁ̀ⲅⲓⲟⲥ Ⲁ̀ⲑⲁⲛⲁⲧⲟⲥ</Run>
            <Run Language="Greek">Ἅγιος ὁ Θεός, Ἅγιος ἰσχυρός, Ἅγιος ἀθάνατος</Run>
            <Run Language="Arabic">قدوس الله، قدوس القوي، قدوس الحي الذي لا يموت</Run>
        </Translations>
        <Translations Key="HaveMercy">
            <Run Language="English">have mercy upon us</Run>
            <Run Language="Coptic">ⲉ̀ⲗⲉⲏ̀ⲥⲟⲛ ⲏ̀ⲙⲁⲥ</Run>
            <Run Language="Greek">ἐλέησον ἡμᾶς</Run>
            <Run Language="Arabic"></Run>
        </Translations>
    </Definitions>
</Document>