<?xml version="1.0" encoding="utf-8"?>
<Document>
    <Name>Psalm 150 for Palm Sunday</Name>
    <Uuid>urn:suscopts:psalm-150:palm-sunday</Uuid>
    <Translations>
        <Translation Language="English" Title="Psalm 150 for Palm Sunday">
            <Stanza>Jesus Christ, the Son of God, entered into Jerusalem.</Stanza>
            <Stanza>Praise God in all His saints. Alleluia.</Stanza>
            <Stanza>Jesus Christ, the Son of God, entered into Jerusalem.</Stanza>
            <Stanza>Praise Him in the firmament of His power. Alleluia.</Stanza>
            <Stanza>Jesus Christ, the Son of God, entered into Jerusalem.</Stanza>
            <Stanza>Praise Him for His mighty acts. Alleluia.</Stanza>
            <Stanza>Jesus Christ, the Son of God, entered into Jerusalem.</Stanza>
            <Stanza>Praise Him according to the multitudes of His greatness. Alleluia.</Stanza>
            <Stanza>Jesus Christ, the Son of God, entered into Jerusalem.</Stanza>
            <Stanza>Praise Him with the sound of the trumpet. Alleluia.</Stanza>
            <Stanza>Jesus Christ, the Son of God, entered into Jerusalem.</Stanza>
            <Stanza>Praise Him with psaltery and harp. Alleluia.</Stanza>
            <Stanza>Jesus Christ, the Son of God, entered into Jerusalem.</Stanza>
            <Stanza>Praise Him with timbrel and chorus. Alleluia.</Stanza>
            <Stanza>Jesus Christ, the Son of God, entered into Jerusalem.</Stanza>
            <Stanza>Praise Him with strings and organs. Alleluia.</Stanza>
            <Stanza>Jesus Christ, the Son of God, entered into Jerusalem.</Stanza>
            <Stanza>Praise Him with pleasant sounding cymbals. Alleluia.</Stanza>
            <Stanza>Jesus Christ, the Son of God, entered into Jerusalem.</Stanza>
            <Stanza>Praise Him upon the cymbals of joy. Alleluia.</Stanza>
            <Stanza>Jesus Christ, the Son of God, entered into Jerusalem.</Stanza>
            <Stanza>Let every thing that has breath praise the name of the Lord our God. Alleluia.</Stanza>
            <Stanza>Jesus Christ, the Son of God, entered into Jerusalem.</Stanza>
            <Stanza>Glory to the Father and the Son and the Holy Spirit. Alleluia.</Stanza>
            <Stanza>Jesus Christ, the Son of God, entered into Jerusalem.</Stanza>
            <Stanza>Now and ever and unto the ages of the ages. Amen. Alleluia.</Stanza>
            <Stanza>Jesus Christ, the Son of God, entered into Jerusalem.</Stanza>
            <Stanza>Alleluia, Alleluia. Glory to You, O our God. Alleluia.</Stanza>
            <Stanza>Jesus Christ, the Son of God, entered into Jerusalem.</Stanza>
            <Stanza>Alleluia, Alleluia. Glory be to our God. Alleluia.</Stanza>
            <Stanza>O Jesus Christ, the Son of God, hear us and have mercy upon us.</Stanza>
        </Translation>
        <Translation Language="Coptic" Title="Ⲯⲁⲗⲙⲟⲥ ⲣ&#x0305;ⲛ&#x0305; ⲛ&#x0305;ⲧⲉ Ⲱ&#x0305;ⲥⲁⲛⲛⲁ Ϯⲕⲩⲣⲓⲁⲕⲏ" Font="CopticStandard">
            <Stanza>Ⲓⲏⲥⲟⲩⲥ Ⲡⲓⲭ̀ⲣⲓⲥⲧⲟⲥ Ⲡ̀ϣⲏⲣⲓ ⲙ̀Ⲫ̀ⲛⲟⲩϯ: ⲁϥϣⲉ ⲉ̀ϧⲟⲩⲛ ⲉ̀Ⲓⲉⲣⲟⲩⲥⲁⲗⲏⲙ.</Stanza>
            <Stanza>`Cmou `e`Vnou] qen nye;ouab tyrou `ntaf allylouia.</Stanza>
            <Stanza>Ⲓⲏⲥⲟⲩⲥ Ⲡⲓⲭ̀ⲣⲓⲥⲧⲟⲥ Ⲡ̀ϣⲏⲣⲓ ⲙ̀Ⲫ̀ⲛⲟⲩϯ: ⲁϥϣⲉ ⲉ̀ϧⲟⲩⲛ ⲉ̀Ⲓⲉⲣⲟⲩⲥⲁⲗⲏⲙ.</Stanza>
            <Stanza>`Cmou `erof qen pitajro `nte tefjom allylouia.</Stanza>
            <Stanza>Ⲓⲏⲥⲟⲩⲥ Ⲡⲓⲭ̀ⲣⲓⲥⲧⲟⲥ Ⲡ̀ϣⲏⲣⲓ ⲙ̀Ⲫ̀ⲛⲟⲩϯ: ⲁϥϣⲉ ⲉ̀ϧⲟⲩⲛ ⲉ̀Ⲓⲉⲣⲟⲩⲥⲁⲗⲏⲙ.</Stanza>
            <Stanza>`Cmou `erof `e`hryi hijen tefmetjwri allylouia.</Stanza>
            <Stanza>Ⲓⲏⲥⲟⲩⲥ Ⲡⲓⲭ̀ⲣⲓⲥⲧⲟⲥ Ⲡ̀ϣⲏⲣⲓ ⲙ̀Ⲫ̀ⲛⲟⲩϯ: ⲁϥϣⲉ ⲉ̀ϧⲟⲩⲛ ⲉ̀Ⲓⲉⲣⲟⲩⲥⲁⲗⲏⲙ.</Stanza>
            <Stanza>`Cmou `erof kata `p`asai `nte tefmetnis] allylouia.</Stanza>
            <Stanza>Ⲓⲏⲥⲟⲩⲥ Ⲡⲓⲭ̀ⲣⲓⲥⲧⲟⲥ Ⲡ̀ϣⲏⲣⲓ ⲙ̀Ⲫ̀ⲛⲟⲩϯ: ⲁϥϣⲉ ⲉ̀ϧⲟⲩⲛ ⲉ̀Ⲓⲉⲣⲟⲩⲥⲁⲗⲏⲙ.</Stanza>
            <Stanza>`Cmou `erof qen ou`cmy `ncalpiggoc allylouia.</Stanza>
            <Stanza>Ⲓⲏⲥⲟⲩⲥ Ⲡⲓⲭ̀ⲣⲓⲥⲧⲟⲥ Ⲡ̀ϣⲏⲣⲓ ⲙ̀Ⲫ̀ⲛⲟⲩϯ: ⲁϥϣⲉ ⲉ̀ϧⲟⲩⲛ ⲉ̀Ⲓⲉⲣⲟⲩⲥⲁⲗⲏⲙ.</Stanza>
            <Stanza>`Cmou `erof qen ou'altyrion nem ouku;ara allylouia.</Stanza>
            <Stanza>Ⲓⲏⲥⲟⲩⲥ Ⲡⲓⲭ̀ⲣⲓⲥⲧⲟⲥ Ⲡ̀ϣⲏⲣⲓ ⲙ̀Ⲫ̀ⲛⲟⲩϯ: ⲁϥϣⲉ ⲉ̀ϧⲟⲩⲛ ⲉ̀Ⲓⲉⲣⲟⲩⲥⲁⲗⲏⲙ.</Stanza>
            <Stanza>`Cmou `erof qen hankemkem nem han,oroc allylouia.</Stanza>
            <Stanza>Ⲓⲏⲥⲟⲩⲥ Ⲡⲓⲭ̀ⲣⲓⲥⲧⲟⲥ Ⲡ̀ϣⲏⲣⲓ ⲙ̀Ⲫ̀ⲛⲟⲩϯ: ⲁϥϣⲉ ⲉ̀ϧⲟⲩⲛ ⲉ̀Ⲓⲉⲣⲟⲩⲥⲁⲗⲏⲙ.</Stanza>
            <Stanza>`Cmou `erof qen hankap nem ouorganon allylouia.</Stanza>
            <Stanza>Ⲓⲏⲥⲟⲩⲥ Ⲡⲓⲭ̀ⲣⲓⲥⲧⲟⲥ Ⲡ̀ϣⲏⲣⲓ ⲙ̀Ⲫ̀ⲛⲟⲩϯ: ⲁϥϣⲉ ⲉ̀ϧⲟⲩⲛ ⲉ̀Ⲓⲉⲣⲟⲩⲥⲁⲗⲏⲙ.</Stanza>
            <Stanza>`Cmou `erof qen hankumbalon `enece tou`cmy allylouia.</Stanza>
            <Stanza>Ⲓⲏⲥⲟⲩⲥ Ⲡⲓⲭ̀ⲣⲓⲥⲧⲟⲥ Ⲡ̀ϣⲏⲣⲓ ⲙ̀Ⲫ̀ⲛⲟⲩϯ: ⲁϥϣⲉ ⲉ̀ϧⲟⲩⲛ ⲉ̀Ⲓⲉⲣⲟⲩⲥⲁⲗⲏⲙ.</Stanza>
            <Stanza>`Cmou `erof qen hankumbalon `nte oueslylou`i allylouia.</Stanza>
            <Stanza>Ⲓⲏⲥⲟⲩⲥ Ⲡⲓⲭ̀ⲣⲓⲥⲧⲟⲥ Ⲡ̀ϣⲏⲣⲓ ⲙ̀Ⲫ̀ⲛⲟⲩϯ: ⲁϥϣⲉ ⲉ̀ϧⲟⲩⲛ ⲉ̀Ⲓⲉⲣⲟⲩⲥⲁⲗⲏⲙ.</Stanza>
            <Stanza>Nifi niben marou`cmou tyrou `e`vran `m`P[oic Pennou] allylouia.</Stanza>
            <Stanza>Ⲓⲏⲥⲟⲩⲥ Ⲡⲓⲭ̀ⲣⲓⲥⲧⲟⲥ Ⲡ̀ϣⲏⲣⲓ ⲙ̀Ⲫ̀ⲛⲟⲩϯ: ⲁϥϣⲉ ⲉ̀ϧⲟⲩⲛ ⲉ̀Ⲓⲉⲣⲟⲩⲥⲁⲗⲏⲙ.</Stanza>
            <Stanza>Doxa Patri ke `Uiw ke `Agiw `Pneumati allylouia.</Stanza>
            <Stanza>Ⲓⲏⲥⲟⲩⲥ Ⲡⲓⲭ̀ⲣⲓⲥⲧⲟⲥ Ⲡ̀ϣⲏⲣⲓ ⲙ̀Ⲫ̀ⲛⲟⲩϯ: ⲁϥϣⲉ ⲉ̀ϧⲟⲩⲛ ⲉ̀Ⲓⲉⲣⲟⲩⲥⲁⲗⲏⲙ.</Stanza>
            <Stanza>Ke nun ke `a`i ke ic touc `e`wnac twn `e`wnwn `amyn allylouia.</Stanza>
            <Stanza>Ⲓⲏⲥⲟⲩⲥ Ⲡⲓⲭ̀ⲣⲓⲥⲧⲟⲥ Ⲡ̀ϣⲏⲣⲓ ⲙ̀Ⲫ̀ⲛⲟⲩϯ: ⲁϥϣⲉ ⲉ̀ϧⲟⲩⲛ ⲉ̀Ⲓⲉⲣⲟⲩⲥⲁⲗⲏⲙ.</Stanza>
            <Stanza>Allylouia@ allylouia. Doxa ci `o :eoc `ymwn allylouia.</Stanza>
            <Stanza>Ⲓⲏⲥⲟⲩⲥ Ⲡⲓⲭ̀ⲣⲓⲥⲧⲟⲥ Ⲡ̀ϣⲏⲣⲓ ⲙ̀Ⲫ̀ⲛⲟⲩϯ: ⲁϥϣⲉ ⲉ̀ϧⲟⲩⲛ ⲉ̀Ⲓⲉⲣⲟⲩⲥⲁⲗⲏⲙ.</Stanza>
            <Stanza>Allylouia@ allylouia. Pi`wou va Pennou] pe allylouia.</Stanza>
            <Stanza Font="CopticUnicode">\abv{Ic} \abv{Pxc} Ⲡ&#x0305;ϣⲏⲣⲓ ⲙ&#x0305;\abv{Fti} ⲥⲱⲧⲉⲙ ⲉ&#x0305;ⲣⲟⲛ ⲟⲩⲟϩ ⲛⲁⲓ ⲛⲁⲛ.</Stanza>
        </Translation>

        <!-- <Translation Language="Arabic" Title="المزمور 150">
            <Stanza>هلليلويا، هلليلويا، هلليلويا.</Stanza>
            <Stanza>سبحوا الله في جميع قديسيه هلليلويا.</Stanza>
            <Stanza>سبحوه في جلد قوته هلليلويا.</Stanza>
            <Stanza>سبحوه على مقدرته هلليلويا.</Stanza>
            <Stanza>سبحوه ككثرة عظمته هلليلويا.</Stanza>
            <Stanza>سبحوه بصوت البوق هلليلويا.</Stanza>
            <Stanza>سبحوه بالمزمار والقيثار هلليلويا.</Stanza>
            <Stanza>سبحوه بدفوف وصفوف هلليلويا.</Stanza>
            <Stanza>سبحوه بأوتار وأرغن هلليلويا.</Stanza>
            <Stanza>سبحوه بصنوج حسنة الصوت هلليلويا.</Stanza>
            <Stanza>سبحوه بصنوج التهليل هلليلويا.</Stanza>
            <Stanza>كل نسمة فلتسبح إسم الرب الهنا هلليلويا.</Stanza>
            <Stanza>المجد للآب والإبن والروح القدس هلليلويا.</Stanza>
            <Stanza>الآن وكل أوان وإلى دهر الدهور آمين هلليلويا.</Stanza>
            <Stanza>هلليلويا، هلليلويا. المجد لك يا إلهنا هلليلويا.</Stanza>
            <Stanza>هلليلويا، هلليلويا. المجد لإلهنا هلليلويا.</Stanza>
        </Translation> -->
    </Translations>

    <Definitions>
        <Translations Key="Refrain">
            <Stanza Language="English">Jesus Christ, the Son of God, entered into Jerusalem.</Stanza>
            <Stanza Language="Coptic">Ⲓⲏⲥⲟⲩⲥ Ⲡⲓⲭ̀ⲣⲓⲥⲧⲟⲥ Ⲡ̀ϣⲏⲣⲓ ⲙ̀Ⲫ̀ⲛⲟⲩϯ: ⲁϥϣⲉ ⲉ̀ϧⲟⲩⲛ ⲉ̀Ⲓⲉⲣⲟⲩⲥⲁⲗⲏⲙ.</Stanza>
        </Translations>
    </Definitions>
</Document>