<?xml version="1.0" encoding="utf-8"?>
<Document xmlns:xsi="http://www.w3.org/2001/XMLSchema-instance" xmlns:xsd="http://www.w3.org/2001/XMLSchema">
    <Name>Let Us Praise the Lord</Name>
    <Uuid>urn:suscopts:asomen</Uuid>
    <Translations>
        <Translation Language="English" Title="Let Us Praise the Lord">
            <Stanza>Let us praise the Lord, for with glory, He is glorified. \def{Refrain}</Stanza>
            <Stanza>He made the two into one, that is, the heaven and the earth. \def{Refrain}</Stanza>
            <Stanza>O come, all you peoples, let us worship Jesus Christ. \def{Refrain}</Stanza>
            <Stanza>This is God our Savior, and the Lord of all flesh. \def{Refrain}</Stanza>
            <Stanza>Three in One and One in three: the Father and the Son and the Holy Spirit, the Spirit of Truth, [the Comforter]. Amen, alleluia.</Stanza>
        </Translation>
        <Translation Key="GreekTranslation" Language="Greek" Title="Ὰσωμεν τω Κυριω">
            <Stanza>Ὰσωμεν τω Κυριω: ενδοξος γαρ δε δοξασθε. \def{Refrain}</Stanza>
            <Stanza>Τους δυο κτισας ις ενα: τον ουραναν κε την γην. \def{Refrain}</Stanza>
            <Stanza>Δευτε παντεσ ὶλαὶ: π̀ροσκυνη σωμεν Ιησου Χ̀ριστω. \def{Refrain}</Stanza>
            <Stanza>Ουτος εστιν ὸ Θεος ὸ Σωτηρ ὴμων: κε Κυριος πασις σαρκος. \def{Refrain}</Stanza>
            <Stanza>Τ̀ριασεν μοναδι: κε μονασεν τ̀ριαδι: ὸ Πατηρ κε ὸ Υιος: κε το Ὰγιον Π̀νευμα: το Π̀νευμα της ὰληθιας: ὰμην α&#x035E;λ.</Stanza>
        </Translation>
        <Translation Key="CopticTranslation" Language="Coptic" Title="Ⲙⲁⲣⲉⲛϩⲱⲥ ⲉ̀Ⲡ̀ϭⲟⲓⲥ">
            <Stanza>Ⲙⲁⲣⲉⲛϩⲱⲥ ⲉ̀Ⲡ̀ϭⲟⲓⲥ: ϫⲉ ϧⲉⲛ ⲟⲩⲱ̀ⲟⲩ ⲅⲁⲣ ⲁⲩϭⲓⲱ̀ⲟⲩ. \def{Refrain}</Stanza>
            <Stanza>Ⲡⲉⲛⲧⲁϥⲉⲣ ⲡⲓⲥ̀ⲛⲁⲩ ⲛ̀ⲟⲩⲁⲓ: ⲉ̀ⲧⲉ ⲫⲁⲓ ⲡⲉ ⲧ̀ⲫⲉ ⲛⲉⲙ ⲡ̀ⲕⲁϩⲓ. \def{Refrain}</Stanza>
            <Stanza>Ⲁ̀ⲙⲱⲓⲛⲓ ⲛⲓⲗⲁⲟⲥ ⲧⲏⲣⲟⲩ: ⲛ̀ⲧⲉⲛⲟⲩⲱϣⲧ ⲛ̀Ⲓⲏⲥⲟⲩⲥ Ⲡⲓⲭ̀ⲣⲓⲥⲧⲟⲥ. \def{Refrain}</Stanza>
            <Stanza>Ⲫⲁⲓ ⲡⲉ Ⲫ̀ⲛⲟⲩϯ Ⲡⲉⲛⲥⲱⲧⲏⲣ: ⲟⲩⲟϩ Ⲡ̀ϭⲟⲓⲥ ⲛ̀ⲥⲁⲣⲝ ⲛⲓⲃⲉⲛ. \def{Refrain}</Stanza>
            <Stanza>Ⲟⲩⲧ̀ⲣⲓⲁⲥ ⲉⲥϫⲏⲕ ⲉ̀ⲃⲟⲗ: ⲉⲥⲟⲓ ⲛ̀ϣⲟⲙⲧ ⲉⲥⲟⲓ ⲛ̀ⲟⲩⲁⲓ: ⲉ̀ⲧⲉ ⲫⲁⲓ ⲡⲉ Ⲫ̀ⲓⲱⲧ ⲛⲉⲙ Ⲡ̀ϣⲏⲣⲓ: ⲛⲉⲙ Ⲡⲓⲡ̀ⲛⲉⲩⲙⲁ ⲉⲑⲟⲩⲁⲃ: Ⲡⲓⲡ̀ⲛⲉⲩⲙⲁ ⲛ̀ⲧⲉ ϯⲙⲉⲑⲙⲏⲓ: ⲁ̀ⲙⲏⲛ \abvsh{al}.</Stanza>
        </Translation>
        <Translation Source="\trslit{English|\def{CopticTranslation}}"/>
        <Translation Language="Spanish" Title="Alabemos al Señor">
            <Stanza>Alabemos al Señor, porque el del la gloria, fue glorificado. \def{Refrain}</Stanza>
            <Stanza>El hizo los dos en uno, que es el cielo y la tierra. \def{Refrain}</Stanza>
            <Stanza>Vienen todas las naciones, para adorar a Jesucristo. \def{Refrain}</Stanza>
            <Stanza>Esto es Dios, nuestro Salvador, y el Señor de todos al mundo. \def{Refrain}</Stanza>
            <Stanza>Trinidad en uno y uno en la trinidad, el Padre el Hijo y el Espíritu Santo. Espíritu de la verdad, el Consolador. Amen, Alleluia.</Stanza>
        </Translation>
        <Translation Language="Italian" Title="Lodiamo il signore">
            <Stanza>Lodiamo il signore perche con la gloria si glorificò. \def{Refrain}</Stanza>
            <Stanza>Fece i due in uno, cioè il cielo e la terra. \def{Refrain}</Stanza>
            <Stanza>Venite o tutti i popoli per inginocchirci a Gesù Cristo. \def{Refrain}</Stanza>
            <Stanza>Questo è Dio nostro salvatore, e Dio di ogni corpo. \def{Refrain}</Stanza>
            <Stanza>Trinità in uno, e uno in trinità, il Padre, il Figlio e lo Spirito Santo. Lo Spirito della verità il consolatore. Amen, Alleluia.</Stanza>
        </Translation>
        <Translation Language="Dutch" Title="Laten wij de Heer prijzen">
            <Stanza>Laten wij de Heer prijzen, want Hij is met de glorie verheerlijkt. \def{Refrain}</Stanza>
            <Stanza>Hij heeft de twee tot één gemaakt, dit zijn de hemel en de aarde. \def{Refrain}</Stanza>
            <Stanza>Komt alle volkeren, om te knielen voor Jezus Christus. \def{Refrain}</Stanza>
            <Stanza>Dit is God onze Verlosser, en de Heer van iedereen. \def{Refrain}</Stanza>
            <Stanza>De Drie zijn Eén, en de Ene is Drie: de Vader en de Zoon, en de Heilige Geest, de Geest der Waarheid. Amen, Halleluja.</Stanza>
        </Translation>
        <Translation Language="Arabic" Title="فلنسبح الرب">
            <Stanza>فلنسبح الرب، لأنه بالمجد تمجد. \def{Refrain}</Stanza>
            <Stanza>جعل الإثنين واحداً، أي السماء والأرض. \def{Refrain}</Stanza>
            <Stanza>تعالوا يا جميع الشعوب، لنسجد ليسوع المسيح. \def{Refrain}</Stanza>
            <Stanza>هذا هو الله مخلصنا، ورب كل جسد. \def{Refrain}</Stanza>
            <Stanza>ثالوث في واحد وواحد في ثالوث، الآب والإبن والروح القدس، روح الحق المعزي. آمين هلليلويا.</Stanza>
        </Translation>
    </Translations>

    <Definitions>
        <Translations Key="Refrain">
            <Run Language="English">He ascended into the heavens, and sent us the Paraclete, the Spirit of Truth, [the Comforter]. Amen, alleluia.</Run>
            <Run Language="Greek">Ὰνελθων ις ουρανος: αξιτον Παρακλητον: το Π̀νευμα της ὰληθιας. Ὰμην α&#x035E;λ.</Run>
            <Stanza Language="Coptic">Ⲁϥϣⲉⲛⲁϥ ⲉ̀ⲡ̀ϣⲱⲓ ⲉ̀ⲛⲓⲫⲏⲟⲩⲓ̀: ⲁϥⲟⲩⲱⲣⲡ ⲛⲁⲛ ⲙ̀Ⲡⲓⲡⲁⲣⲁⲕⲗⲏⲧⲟⲛ: Ⲡⲓⲡ̀ⲛⲉⲩⲙⲁ ⲛ̀ⲧⲉ ϯⲙⲉⲑⲙⲏⲓ. Ⲁ̀ⲙⲏⲛ \abvsh{al}.</Stanza>
            <Run Language="Spanish">El ascendió a los cielos, y nos ha enviado el Paraclete, Espíritu de la verdad, [el Consolador]. Amen, Alleluia.</Run>
            <Run Language="Italian">Sali nell'alto dei cieli e ci mandò il Paraclito, Lo Spirito della verità, [il Consolatore]. Amen, Alleluia.</Run>
            <Run Language="Dutch">Hij is opgevaren ten hemel en zond tot ons de Parakliet, Geest der Waarheid, [de Trooster]. Amen, Halleluja.</Run>
            <Run Language="Arabic">صعد إلى [أعلى] السموات، وأرسل لنا البارقليط، روح الحق [المعزي]. آمين هلليلويا.</Run>
        </Translations>
    </Definitions>
</Document>