<?xml version="1.0" encoding="utf-8"?>
<Document xmlns:xsi="http://www.w3.org/2001/XMLSchema-instance" xmlns:xsd="http://www.w3.org/2001/XMLSchema">
    <Name>Verses of the Cymbals [Palm Sunday]</Name>
    <Key>urn:suscopts:verses-of-the-cymbals:palm-sunday</Key>
    <Translations>
        <Translation Title="Verses of the Cymbals" Language="English">
            <Stanza>O come let us worship, the Holy Trinity, the Father and the Son, and the Holy Spirit.</Stanza>
            <Stanza>We the Christian people, for He is, our true God.</Stanza>
            <Stanza>We have hope in Saint Mary, that God will have mercy on us, through her intercession.</Stanza>
            <Stanza>All calmness, in the world, is through the prayers, of Saint Mary the Virgin.</Stanza>
            <Section Title="For Palm Sunday">
                <Stanza>Hosanna in the highest, this is the King of Israel, blessed is He who comes in the name, of the Lord of hosts.</Stanza>
                <Stanza>He who sits upon the Cherubim, sat on a donkey, He came into Jerusalem, what is this great humility?</Stanza>
            </Section>
            <Stanza>Hail to the Virgin, who gave birth to our Savior, hail to Gabriel, who announced to her the Good News.</Stanza>
            <Stanza>Hail to Michael, the archangel, hail to the twenty-four, presbyters.</Stanza>
            <Stanza>Hail to the Cherubim, hail to the Seraphim, hail to all the hosts, of the heavens.</Stanza>
            <Stanza>Hail to John, the great forerunner, hail to the, twelve apostles.</Stanza>
            <Stanza>Hail to our father Mark, the Evangelist, the destroyer, of the idols.</Stanza>
            <Stanza>Hail to Stephen, the first martyr, hail to George, the morning star.</Stanza>
            <Stanza>Hail to the whole choir, of the martyrs, hail to Abba Antony, and the three Macarii.</Stanza>
            <Stanza>Hail to the whole choir, of the cross-bearers, hail to all the saints, who have pleased the Lord.</Stanza>
            <Stanza>Through their prayers, O Christ our King, have mercy upon us, in Your kingdom.</Stanza>
            <Section>
                <Stanza>Jesus Christ is the same yesterday, today and forever, in one hypostasis, we worship Him and glorify Him.</Stanza>
                <Stanza>O King of peace, grant us your peace, establish for us your peace, and forgive us our sins.</Stanza>
                <Stanza>Disperse the enemies, of the Church, and fortify her, that she may not be shaken forever.</Stanza>
                <Stanza>Immanuel our God, is now in our midst, with the glory of His Father, and the Holy Spirit.</Stanza>
                <Stanza>May He bless us all, and purify our hearts, and heal the sicknesses, of our souls and bodies.</Stanza>
                <Stanza>We worship You, O Christ, with Your good Father, and the Holy Spirit, for You were born and saved us. Have mercy on us.</Stanza>
            </Section>
        </Translation>
        <Translation Title="Ⲛⲓⲥ̀ⲧⲟⲓⲭⲟⲛ ⲛ̀ⲧⲉ ⲡⲓϣ̀ⲕⲉⲗⲕⲓⲗ" Language="Coptic">
            <Stanza>Ⲁ̀ⲙⲱⲓⲛⲓ ⲙⲁⲣⲉⲛⲟⲩⲱϣⲧ: ⲛ̀Ϯⲧ̀ⲣⲓⲁⲥ ⲉⲑⲟⲩⲁⲃ: ⲉ̀ⲧⲉ Ⲫ̀ⲓⲱⲧ ⲛⲉⲙ Ⲡ̀ϣⲏⲣⲓ: ⲛⲉⲙ Ⲡⲓⲡ̀ⲛⲉⲩⲙⲁ Ⲉⲑⲟⲩⲁⲃ.</Stanza>
            <Stanza>Ⲁ̀ⲛⲟⲛ ϧⲁ ⲛⲓⲗⲁⲟⲥ: ⲛ̀ⲭ̀ⲣⲓⲥⲧⲓⲁⲛⲟⲥ: ⲫⲁⲓ ⲅⲁⲣ ⲡⲉ Ⲡⲉⲛⲛⲟⲩϯ: ⲛ̀ⲁ̀ⲗⲏⲑⲓⲛⲟⲥ.</Stanza>
            <Stanza>Ⲟⲩⲟⲛ ⲟⲩϩⲉⲗⲡⲓⲥ ⲛ̀ⲧⲁⲛ: ϧⲉⲛ ⲑⲏⲉⲑⲟⲩⲁⲃ Ⲙⲁⲣⲓⲁ: ⲉ̀ⲣⲉ Ⲫ̀ϯ ⲛⲁⲓ ⲛⲁⲛ: ϩⲓⲧⲉⲛ ⲛⲉⲥⲡ̀ⲣⲉⲥⲃⲓⲁ.</Stanza>
            <Stanza>Ⲟⲩⲟⲛ ⲟⲩⲙⲉⲧⲥⲉⲙⲛⲟⲥ: ⲛ̀ϩ̀ⲣⲏⲓ ϧⲉⲛ ⲡⲓⲕⲟⲥⲙⲟⲥ ⲉ̀ⲃⲟⲗ ϩⲓⲧⲉⲛ ⲡⲓϣ̀ⲗⲏⲗ: ⲛ̀ⲧⲉ ϯⲁ̀ⲅⲓⲁ Ⲙⲁⲣⲓⲁ Ϯⲡⲁⲣⲑⲉⲛⲟⲥ.</Stanza>
            <Section Title="Ⲉⲑⲃⲉ Ⲱⲥⲁⲛⲛⲁ Ϯⲕⲩⲣⲓⲁⲕⲏ">
                <Stanza>Ⲱ̀ⲥⲁⲛⲛⲁ ϧⲉⲛ ⲛⲏⲉⲧϭⲟⲥⲓ: ⲫⲁⲓ ⲡⲉ Ⲡ̀ⲟⲩⲣⲟ ⲙ̀Ⲡⲓⲥⲣⲁⲏⲗ: ϥ̀ⲥ̀ⲙⲁⲣⲱⲟⲩⲧ ⲛ̀ϫⲉ ⲫⲏⲉⲑⲛⲏⲟⲩ: ϧⲉⲛ ⲫ̀ⲣⲁⲛ ⲙ̀Ⲡ̀ϭⲟⲓⲥ ⲛ̀ⲧⲉ ⲛⲓϫⲟⲙ.</Stanza>
                <Stanza>Ⲫⲏⲉⲧϩⲉⲙⲥⲓ ϩⲓϫⲉⲛ Ⲛⲓⲭⲉⲣⲟⲩⲃⲓⲙ: ⲁϥⲧⲁⲗⲟϥ ⲉ̀ⲟⲩⲉ̀ⲱ̀: ⲁϥϣⲉ ⲉ̀ϧⲟⲩⲛ ⲉ̀Ⲓⲉⲣⲟⲩⲥⲁⲗⲏⲙ: ⲟⲩ ⲡⲉ ⲡⲁⲓⲛⲓϣϯ ⲛ̀ⲑⲉⲃⲓⲟ.</Stanza>
            </Section>
            <Stanza>Ⲭⲉⲣⲉ Ϯⲡⲁⲣⲑⲉⲛⲟⲥ: ⲉ̀ⲧⲁⲥⲙⲉⲥ Ⲡⲉⲛⲥⲱⲧⲏⲣ: ⲭⲉⲣⲉ Ⲅⲁⲃⲣⲓⲏⲗ: ⲉ̀ⲧⲁϥϩⲓϣⲉⲛⲛⲟⲩϥⲓ ⲛⲁⲥ.</Stanza>
            <Stanza>Ⲭⲉⲣⲉ Ⲙⲓⲭⲁⲏⲗ: ⲡⲓⲁⲣⲭⲏⲁⲅⲅⲉⲗⲟⲥ: ⲭⲉⲣⲉ ⲡⲓϫⲟⲩⲧ ϥ̀ⲧⲟⲟⲩ: ⲙ̀ⲡ̀ⲣⲉⲥⲃⲩⲧⲉⲣⲟⲥ.</Stanza>
            <Stanza>Ⲭⲉⲣⲉ Ⲛⲓⲭⲉⲣⲟⲩⲃⲓⲙ: ⲭⲉⲣⲉ Ⲛⲓⲥⲉⲣⲁⲫⲓⲙ: ⲭⲉⲣⲉ ⲛⲓⲧⲁⲅⲙⲁ ⲧⲏⲣⲟⲩ: ⲛ̀ⲉ̀ⲡⲟⲩⲣⲁⲛⲓⲟⲛ.</Stanza>
            <Stanza>Ⲭⲉⲣⲉ Ⲓⲱⲁⲛⲛⲏⲥ: ⲡⲓⲛⲓϣϯ ⲙ̀ⲡ̀ⲣⲟⲇⲣⲟⲙⲟⲥ: ⲭⲉⲣⲉ ⲡⲓⲙⲏⲧⲥ̀ⲛⲁⲩ: ⲛ̀ⲁ̀ⲡⲟⲥⲧⲟⲗⲟⲥ.</Stanza>
            <Stanza>Ⲭⲉⲣⲉ ⲡⲉⲛⲓⲱⲧ Ⲙⲁⲣⲕⲟⲥ: ⲡⲓⲉⲩⲁⲅⲅⲉⲗⲓⲥⲧⲏⲥ: ⲡⲓⲣⲉϥϫⲱⲣ ⲉ̀ⲃⲟⲗ: ⲛ̀ⲧⲉ ⲛⲓⲓ̀ⲇⲱⲗⲟⲛ.</Stanza>
            <Stanza>Ⲭⲉⲣⲉ Ⲥ̀ⲧⲉⲫⲁⲛⲟⲥ: ⲡⲓϣⲟⲣⲡ ⲙ̀ⲙⲁⲣⲧⲩⲣⲟⲥ: ⲭⲉⲣⲉ Ⲅⲉⲱⲣⲅⲓⲟⲥ: ⲡⲓⲥⲓⲟⲩ ⲛ̀ⲧⲉ ϩⲁⲛⲁ̀ⲧⲟⲟⲩⲓ̀.</Stanza>
            <Stanza>Ⲭⲉⲣⲉ ⲡ̀ⲭⲟⲣⲟⲥ ⲧⲏⲣϥ: ⲛ̀ⲧⲉ ⲛⲓⲙⲁⲣⲧⲩⲣⲟⲥ: ⲭⲉⲣⲉ ⲁⲃⲃⲁ Ⲁⲛⲧⲱⲛⲓ: ⲛⲉⲙ ⲡⲓϣⲟⲙⲧ Ⲙⲁⲕⲁⲣⲓⲟⲥ.</Stanza>
            <Stanza>Ⲭⲉⲣⲉ ⲡ̀ⲭⲟⲣⲟⲥ ⲧⲏⲣϥ: ⲛ̀ⲧⲉ ⲛⲓⲥ̀ⲧⲁⲩⲣⲟⲫⲟⲣⲟⲥ: ⲭⲉⲣⲉ ⲛⲏⲉⲑⲟⲩⲁⲃ ⲧⲏⲣⲟⲩ: ⲉ̀ⲧⲁϥⲣⲁⲛⲁϥ ⲙ̀Ⲡ̀ϭⲟⲓⲥ.</Stanza>
            <Stanza>Ϩⲓⲧⲉⲛ ⲛⲟⲩⲉⲩⲭⲏ: Ⲡⲓⲭ̀ⲣⲓⲥⲧⲟⲥ Ⲡⲉⲛⲟⲩⲣⲟ: ⲁ̀ⲣⲓ ⲟⲩⲛⲁⲓ ⲛⲉⲙⲁⲛ: ϧⲉⲛ ⲧⲉⲕⲙⲉⲧⲟⲩⲣⲟ.</Stanza>
            <Section>
                <Stanza>Ⲓⲏⲥⲟⲩⲥ Ⲡⲓ̀ⲭⲣⲓⲥⲧⲟⲥ ⲛ&#x0300;ⲥⲁϥ ⲛⲉⲙ ⲫⲟⲟⲩ: ⲛ&#x0300;ⲑⲟϥ ⲛ&#x0300;ⲑⲟϥ ⲡⲉ ⲛⲉⲙ ϣⲁ ⲉ&#x0300;ⲛⲉϩ: ϧⲉⲛ ⲟⲩϩⲩⲡⲟⲥⲧⲁⲥⲓⲥ ⲛ&#x0300;ⲟⲩⲱⲧ: ⲧⲉⲛⲟⲩⲱϣⲧ ⲙ&#x0300;ⲙⲟϥ ⲧⲉⲛϯⲱ&#x0300;ⲟⲩ ⲛⲁϥ.</Stanza>
                <Stanza>Ⲡ&#x0300;ⲟⲩⲣⲟ ⲛ&#x0300;ⲧⲉ ϯϩⲓⲣⲏⲛⲏ: ⲙⲟⲓ ⲛⲁⲛ ⲛ&#x0300;ⲧⲉⲕϩⲓⲣⲏⲛⲏ: ⲥⲉⲙⲛⲓ ⲛⲁⲛ ⲛ&#x0300;ⲧⲉⲕϩⲓⲣⲏⲛⲏ: ⲭⲁ ⲛⲉⲛⲛⲟⲃⲓ ⲛⲁⲛ ⲉ&#x0300;ⲃⲟⲗ.</Stanza>
                <Stanza>Ϫⲱⲣ ⲉ&#x0300;ⲃⲟⲗ ⲛ&#x0300;ⲛⲓϫⲁϫⲓ: ⲛ&#x0300;ⲧⲉ ϯⲉⲕⲕⲗⲏⲥⲓⲁ: ⲁ&#x0300;ⲣⲓⲥⲟⲃⲧ ⲉ&#x0300;ⲣⲟⲥ ⲛ&#x0300;ⲛⲉⲥⲕⲓⲙ ϣⲁ ⲉ&#x0300;ⲛⲉϩ.</Stanza>
                <Stanza>Ⲉⲙⲙⲁⲛⲟⲩⲏⲗ Ⲡⲉⲛⲛⲟⲩϯ: ϧⲉⲛ ⲧⲉⲛⲙⲏϯ ϯⲛⲟⲩ: ϧⲉⲛ ⲡ&#x0300;ⲱ&#x0300;ⲟⲩ ⲛ&#x0300;ⲧⲉ Ⲡⲉϥⲓⲱⲧ: ⲛⲉⲙ Ⲡⲓⲡ&#x0300;ⲉⲩⲙⲁ ⲉⲑⲟⲩⲁⲃ.</Stanza>
                <Stanza>Ⲛ&#x0300;ⲧⲉϥⲥ&#x0300;ⲙⲟⲩ ⲉ&#x0300;ⲣⲟⲛ ⲧⲏⲣⲉⲛ: ⲛ&#x0300;ⲧⲉϥⲧⲟⲩⲃⲟ ⲛ&#x0300;ⲛⲉⲛϩⲏⲧ: ⲛ&#x0300;ⲧⲉϥⲧⲉⲗϭⲟ ⲛ&#x0300;ⲛⲓϣⲱⲛⲓ: ⲛ&#x0300;ⲧⲉ ⲛⲉⲛⲯⲩⲭⲏ ⲛⲉⲙ ⲛⲉⲛⲥⲱⲙⲁ.</Stanza>
                <Stanza>Ⲧⲉⲛⲟⲩⲱϣⲧ ⲙ&#x0300;ⲙⲟⲕ ⲱ&#x0300; Ⲡⲓ̀ⲭⲣⲓⲥⲧⲟⲥ: ⲛⲉⲙ Ⲡⲉⲕⲓⲱⲧ ⲛ&#x0300;ⲁ&#x0300;ⲅⲁⲑⲟⲥ: ⲛⲉⲙ Ⲡⲓⲡ&#x0300;ⲉⲩⲙⲁ ⲉⲑⲟⲩⲁⲃ: ϫⲉ \def{AkiAktonk} ⲁⲕⲥⲱϯ ⲙ&#x0300;ⲙⲟⲛ ⲛⲁⲓ ⲛⲁⲛ.</Stanza>
            </Section>
        </Translation>
    </Translations>
</Document>